id;user_id;product_id;quantity;selected_options;created_at;updated_at;total_price
39e4747a-3036-4be7-bc4a-f568d289e4e7;146f4a71-90ff-45cb-ace2-93f6a0777b10;08587f4c-8dab-4f3f-af81-c17b2399f93a;1;"{""slider_config"":""Divine Orbs: 300"",""slider_value"":300}";2026-01-11 00:40:55.650329+00;2026-01-11 00:40:55.650329+00;5.751227999999999
c9eccf99-96a2-4d02-ac2a-eeaf25839b2b;dfb6da1c-993f-488b-a968-893a23905be5;c11cf2e9-7898-431e-bded-51e147bd6ed6;1;"{""boost"":""Pilot"",""gearset"":""Normal Set (496 ilvl)"",""reg"":""EU""}";2025-11-26 18:39:07.220029+00;2025-11-26 18:39:07.220029+00;239.96
f8ede837-49bd-4098-a291-f4d0b50a30a2;a6d532e1-cbe4-4862-a70a-f1b7762e3143;1755c8c6-8198-4e5b-9a42-d789f9cbe350;1;"{""bmherotal"":""Pilot"",""herolist-All Heroes Discounted"":false,""herolist-Ardeos"":false,""herolist-Elarion"":false,""herolist-Helena"":false,""herolist-Mara"":false,""herolist-Meiko"":false,""herolist-Rime"":false,""herolist-Sylvie"":false,""herolist-Tariq"":false,""herolist-Vigour"":false,""regionhero"":""EU"",""talenttype"":""Contender""}";2026-02-09 07:46:56.361795+00;2026-02-09 07:46:56.361795+00;0.95
3489f825-3a77-4918-b1c2-6a23362c2f13;b00c50ee-2607-4102-8e0a-b17a4a00021e;58aad526-c357-4a77-9ead-c9b83004fdf9;1;"{""bmtbv"":""Pilot"",""classtbc"":""Mage"",""expresslvl"":""30% Faster"",""slider_end"":70,""slider_range"":""Start Level: 60 - End Level: 70"",""slider_start"":60,""tbclvlreg"":""EU""}";2026-01-24 21:10:11.507115+00;2026-01-24 21:10:11.507115+00;260
4aa39cc1-94f4-4932-a23e-f642d206fe65;b82f29b4-b7fe-4d5e-a948-e83d1abd9b56;95ff4f94-2563-4b9e-8705-e3733f773863;1;"{""slider_config"":""Amount of Gold: 11550"",""slider_value"":11550}";2026-01-25 16:57:43.187266+00;2026-01-25 16:57:43.187266+00;0
65b7d479-baef-4855-957a-d4b7b9be4554;b93827d0-5416-42d5-b1ac-d7c0e2e4887c;41bf4151-4d2d-4f49-b454-b53abbd5b706;1;"{""bmprepatch"":""Pilot"",""prepatchclass"":""Priest"",""regprepatch"":""NA"",""slider_end"":60,""slider_range"":""Start Level: 58 - End Level: 60"",""slider_start"":58}";2026-01-25 22:05:03.857818+00;2026-01-25 22:05:03.857818+00;20
dece6af5-ac9c-4e09-a902-f8fc92dbb07f;4af9670b-7370-4dd2-b1c5-9d80d85a3034;1deec384-bad8-463c-9623-228714ca2eba;1;"{""slider_end"":60,""slider_range"":""Start Value: 1 - End Value: 60"",""slider_start"":1}";2026-01-19 05:28:21.814396+00;2026-01-19 05:28:21.814396+00;8.066889632107022
ad3ef7c1-64c4-402e-8c45-bdb39b6ee653;54afff12-6906-4281-97d5-3523047875d4;58aad526-c357-4a77-9ead-c9b83004fdf9;1;"{""bmtbv"":""Pilot"",""expresslvl"":""Standard Speed"",""slider_end"":70,""slider_range"":""Start Level: 60 - End Level: 70"",""slider_start"":60,""tbclvlreg"":""NA""}";2025-12-11 23:51:19.620643+00;2025-12-11 23:51:19.620643+00;200
343aff9f-b6f8-4f5e-948e-104df07f4cc2;9da19073-67ce-4e33-b4b5-b040794abd6f;0020f314-d0a1-4d89-98b2-aeec0aaa87fb;1;"{""slider_end"":1,""slider_range"":""Current Prestige: 0 - Desired Prestige: 1"",""slider_start"":0}";2025-12-13 19:01:22.395836+00;2025-12-13 19:01:22.395836+00;1251
429f07b7-60dd-4beb-8f3d-ba534b218db8;8d7eb294-9ebc-4d06-b203-d37a5be7f4ce;95ff4f94-2563-4b9e-8705-e3733f773863;1;"{""delgoldfresh"":""Trade"",""factiongold"":""Horde"",""serverid"":""US Nightslayer – PvP"",""slider_config"":""Amount of Gold: 950"",""slider_value"":950}";2026-01-26 21:36:35.675248+00;2026-01-26 21:36:35.675248+00;62.1262
477b1a0e-085e-4170-9e7c-662e6542441b;e7fd2068-5c03-477a-a05c-6ab6f34719c4;d4ad92b3-5ec2-410d-b983-17fc30265814;1;"{""deldetailsff14"":""Kali Uchis@Louisoix"",""ff14region"":""EU"",""slider_config"":""K / Gil: 35000"",""slider_value"":35000}";2026-01-16 20:48:34.901231+00;2026-01-16 20:48:34.901231+00;15.19
a2647eba-ea4f-4b01-aac1-a8ab6385e1cb;237c0bc4-a7b2-41b1-9abb-9bb2b8dacf62;95ff4f94-2563-4b9e-8705-e3733f773863;1;"{""factiongold"":""Horde"",""serverid"":""EU Spineshatter – PvP"",""slider_config"":""Amount of Gold: 2050"",""slider_value"":2050}";2025-12-19 20:39:25.940363+00;2025-12-19 20:39:25.940363+00;53.3
15b687c4-7eda-4c67-95b3-00e5e9fd333b;03765a40-f338-4035-a2ba-8928fff30834;f8fbcbf5-4891-4734-9eba-2d55561d33b3;1;"{""slider_config"":""Honor: 28000"",""slider_value"":28000}";2026-02-16 10:25:20.645576+00;2026-02-16 10:25:20.645576+00;50.4
3ef07193-031d-4509-a21b-0a17f9d9741e;adc86e66-c28d-4814-8954-35bdd80a8f2c;1b411836-2748-44fb-af65-c8600385b4c5;1;"{""bmdimen"":""Pilot"",""extdimen-Add Nexus-King Saladahaar Mythic"":true,""regdiem"":""NA""}";2026-01-28 20:45:53.764785+00;2026-01-28 20:45:53.764785+00;239.38
5ad0af67-21ed-4e3d-b04d-1921484b7acf;414faa71-0638-47b7-9ff5-4dbbdf7cabbf;c11cf2e9-7898-431e-bded-51e147bd6ed6;1;"{""boost"":""Pilot"",""gearset"":""Normal Set (496 ilvl)"",""reg"":""EU""}";2025-11-21 17:14:59.133393+00;2025-11-21 17:14:59.133393+00;239.96
4d66f7c5-ad16-472e-9144-76546bca398d;8cd3cab5-758f-43a8-9304-785fb78fc446;c11cf2e9-7898-431e-bded-51e147bd6ed6;1;"{""boost"":""Pilot"",""gearset"":""Normal Set (496 ilvl)"",""reg"":""EU""}";2025-11-22 00:21:07.052419+00;2025-11-22 00:21:07.052419+00;239.96
80ccaa4c-845d-472a-9523-83d3b6853e7c;4af9670b-7370-4dd2-b1c5-9d80d85a3034;71a0892c-72e4-4acd-9448-9a37c3090166;1;"{""boost"":""Pilot"",""plat"":""PC"",""world"":""Seasonal - Softcore""}";2026-01-19 05:25:36.723869+00;2026-01-19 05:26:51.041321+00;26.36
b0dd244c-c77b-4f18-8fbd-936e6ee25332;4af9670b-7370-4dd2-b1c5-9d80d85a3034;1deec384-bad8-463c-9623-228714ca2eba;1;"{""slider_end"":60,""slider_range"":""Start Value: 1 - End Value: 60"",""slider_start"":1}";2026-01-19 05:28:03.410971+00;2026-01-19 05:28:03.410971+00;8.066889632107022
a4ea9c12-8c8e-42b2-8738-e0c516a518d8;4af9670b-7370-4dd2-b1c5-9d80d85a3034;1deec384-bad8-463c-9623-228714ca2eba;1;"{""slider_end"":60,""slider_range"":""Start Value: 1 - End Value: 60"",""slider_start"":1}";2026-01-19 05:28:06.732939+00;2026-01-19 05:28:06.732939+00;8.066889632107022
23d84607-9efe-4add-a551-8290c7eb785a;4af9670b-7370-4dd2-b1c5-9d80d85a3034;1deec384-bad8-463c-9623-228714ca2eba;1;"{""slider_end"":60,""slider_range"":""Start Value: 1 - End Value: 60"",""slider_start"":1}";2026-01-19 05:28:09.461796+00;2026-01-19 05:28:09.461796+00;8.066889632107022
a6ac43e0-0926-482c-bf39-b83f1fd153fd;4af9670b-7370-4dd2-b1c5-9d80d85a3034;1deec384-bad8-463c-9623-228714ca2eba;1;"{""slider_end"":60,""slider_range"":""Start Value: 1 - End Value: 60"",""slider_start"":1}";2026-01-19 05:28:10.792164+00;2026-01-19 05:28:10.792164+00;8.066889632107022
d435b55d-bfaf-4a59-bc4f-84023eac9ea0;4af9670b-7370-4dd2-b1c5-9d80d85a3034;1deec384-bad8-463c-9623-228714ca2eba;1;"{""slider_end"":60,""slider_range"":""Start Value: 1 - End Value: 60"",""slider_start"":1}";2026-01-19 05:28:12.389983+00;2026-01-19 05:28:12.389983+00;8.066889632107022
57e455a1-3d0a-417b-b28d-ed13842e376a;4af9670b-7370-4dd2-b1c5-9d80d85a3034;1deec384-bad8-463c-9623-228714ca2eba;1;"{""slider_end"":60,""slider_range"":""Start Value: 1 - End Value: 60"",""slider_start"":1}";2026-01-19 05:28:19.160222+00;2026-01-19 05:28:19.160222+00;8.066889632107022
2b29723f-5908-43d4-a94b-aa709f02c694;4af9670b-7370-4dd2-b1c5-9d80d85a3034;1deec384-bad8-463c-9623-228714ca2eba;1;"{""slider_end"":60,""slider_range"":""Start Value: 1 - End Value: 60"",""slider_start"":1}";2026-01-19 05:28:19.165341+00;2026-01-19 05:28:19.165341+00;8.066889632107022
8df6e732-0aa6-4915-b745-a34232d11848;4af9670b-7370-4dd2-b1c5-9d80d85a3034;1deec384-bad8-463c-9623-228714ca2eba;1;"{""slider_end"":60,""slider_range"":""Start Value: 1 - End Value: 60"",""slider_start"":1}";2026-01-19 05:28:19.165797+00;2026-01-19 05:28:19.165797+00;8.066889632107022
48461149-7032-4b5f-af8a-f11cbf34a49c;edaca589-ebf7-40db-abd6-1c9691342c4c;d4ad92b3-5ec2-410d-b983-17fc30265814;1;"{""deldetailsff14"":""Cerberus - Artemis Morningstar"",""ff14region"":""EU"",""slider_config"":""Amount of Gil: 30000000"",""slider_value"":30000000}";2025-12-31 19:01:33.764357+00;2025-12-31 19:01:33.764357+00;13.5
3f4a824a-2af6-495b-8ead-49333364f3b4;27178dce-89d9-45eb-8964-298381e92717;95ff4f94-2563-4b9e-8705-e3733f773863;1;"{""delgoldfresh"":""Trade"",""factiongold"":""Alliance"",""serverid"":""US Dreamscythe – PvE "",""slider_config"":""Amount of Gold: 2500"",""slider_value"":2500}";2026-01-22 13:00:54.490145+00;2026-01-22 13:00:54.490145+00;164.41500000000002
dbcf70bb-9c1d-40e9-8a02-e5f730b32b41;d04044c4-bfad-4c60-a361-cc30266fe311;95ff4f94-2563-4b9e-8705-e3733f773863;1;"{""delgoldfresh"":""Auction House"",""delgoldfreshdetails"":""Piffopotamus"",""serverid"":""US Nightslayer Horde"",""slider_config"":""Amount of Gold: 5000"",""slider_value"":5000}";2026-02-08 01:48:42.65563+00;2026-02-08 01:48:42.65563+00;220.19500000000002
c9caadf4-774b-4d39-b29d-296074396122;dfc591a6-3c45-4c92-b0bd-e437f51f14a1;95ff4f94-2563-4b9e-8705-e3733f773863;1;"{""delgoldfresh"":""In-Game Mail"",""serverid"":""EU Spineshatter Alliance "",""slider_config"":""Amount of Gold: 1000"",""slider_value"":1000}";2026-02-02 20:49:34.316503+00;2026-02-02 20:49:34.316503+00;70.098
cc46bee9-7a42-4cf0-b192-36298549e3c8;95b19753-fc40-47a5-9a37-147e0ef3d367;58aad526-c357-4a77-9ead-c9b83004fdf9;1;"{""bmtbv"":""Pilot"",""classtbc"":""Warlock"",""expresslvl"":""Standard Speed"",""slider_end"":70,""slider_range"":""Start Level: 60 - End Level: 70"",""slider_start"":60,""tbclvlreg"":""EU""}";2026-02-09 09:40:20.903415+00;2026-02-09 09:40:20.903415+00;166.66666666666669
5efd953a-fae8-4935-9641-5994d0f4507f;e72e8ad6-4f84-48ec-b0ed-069010004d1a;58aad526-c357-4a77-9ead-c9b83004fdf9;1;"{""bmtbv"":""Pilot"",""classtbc"":""Mage"",""slider_end"":70,""slider_range"":""Start Level: 60 - End Level: 70"",""slider_start"":60,""tbclvlreg"":""NA""}";2026-02-09 14:55:24.921259+00;2026-02-09 14:55:24.921259+00;166.66666666666669
45f9ac85-511b-410a-b2a2-d14d5e3b96dd;1557a5e9-6865-4a78-b45e-08012a40e674;58aad526-c357-4a77-9ead-c9b83004fdf9;1;"{""bmtbv"":""Pilot"",""classtbc"":""Mage"",""expresslvl"":""Standard Speed"",""slider_end"":70,""slider_range"":""Start Level: 61 - End Level: 70"",""slider_start"":61,""tbclvlreg"":""EU""}";2026-02-13 19:46:52.204427+00;2026-02-13 19:46:52.204427+00;160
1f6d750e-cccc-4e9e-8e2d-8a9268d6c97c;03765a40-f338-4035-a2ba-8928fff30834;1781f357-43d0-45f2-9029-78d05e16cb29;1;"{""slider_config"":""Amount of Lumber: 200"",""slider_value"":200}";2026-02-15 16:12:57.74427+00;2026-02-15 16:12:57.74427+00;7.8
bcfb2bd8-96e8-4cf9-b5b7-2512298f2b4d;b93827d0-5416-42d5-b1ac-d7c0e2e4887c;58aad526-c357-4a77-9ead-c9b83004fdf9;1;"{""bmtbv"":""Pilot"",""classtbc"":""Priest"",""expresslvl"":""30% Faster"",""slider_end"":70,""slider_range"":""Start Level: 58 - End Level: 70"",""slider_start"":58,""tbclvlreg"":""NA""}";2026-02-06 16:19:04.039293+00;2026-02-06 16:19:04.039293+00;208
7e028b59-c564-4ea0-a617-7ccf6af776dd;b93827d0-5416-42d5-b1ac-d7c0e2e4887c;58aad526-c357-4a77-9ead-c9b83004fdf9;1;"{""bmtbv"":""Pilot"",""classtbc"":""Priest"",""expresslvl"":""30% Faster"",""slider_end"":70,""slider_range"":""Start Level: 58 - End Level: 70"",""slider_start"":58,""tbclvlreg"":""NA""}";2026-02-06 16:19:15.420268+00;2026-02-06 16:19:15.420268+00;208
1e6f111d-faca-4e49-90cb-74f722728b4c;b93827d0-5416-42d5-b1ac-d7c0e2e4887c;58aad526-c357-4a77-9ead-c9b83004fdf9;1;"{""bmtbv"":""Remote"",""classtbc"":""Priest"",""expresslvl"":""30% Faster"",""slider_end"":70,""slider_range"":""Start Level: 58 - End Level: 70"",""slider_start"":58,""tbclvlreg"":""NA""}";2026-02-06 16:20:39.4472+00;2026-02-06 16:20:39.4472+00;270.4
46fa12d1-5fc0-46d4-b52c-db2d9d7ab0d6;b93827d0-5416-42d5-b1ac-d7c0e2e4887c;58aad526-c357-4a77-9ead-c9b83004fdf9;1;"{""bmtbv"":""Remote"",""classtbc"":""Priest"",""expresslvl"":""30% Faster"",""slider_end"":70,""slider_range"":""Start Level: 58 - End Level: 70"",""slider_start"":58,""tbclvlreg"":""NA""}";2026-02-06 16:20:46.803415+00;2026-02-06 16:20:46.803415+00;270.4
27930339-b92c-4fb6-99d8-91d66e1efec1;b93827d0-5416-42d5-b1ac-d7c0e2e4887c;58aad526-c357-4a77-9ead-c9b83004fdf9;1;"{""bmtbv"":""Pilot"",""classtbc"":""Priest"",""expresslvl"":""30% Faster"",""slider_end"":70,""slider_range"":""Start Level: 58 - End Level: 70"",""slider_start"":58,""tbclvlreg"":""NA""}";2026-02-06 16:21:44.849953+00;2026-02-06 16:21:44.849953+00;208
139d5b0c-6def-40cb-a59e-82dbca1defbf;59076801-2403-4e6b-a2f7-bf5dd70fc7e6;250fb8fe-9a0d-47bd-90a1-c6332236f58a;1;"{""boostmethod"":""Selfplay"",""region"":""NA""}";2026-02-15 22:13:34.971429+00;2026-02-15 22:13:34.971429+00;115.7