id;game_id;name;slug;description;icon;is_active;sort_order;created_at;updated_at;meta_title;meta_description;meta_keywords;og_image
9464d1fe-6c00-412a-8ebb-896a4f575b4e;a4dc8983-8370-4785-ac2a-66a0a06e1365;Reputations;reputations;;🗺️;true;3;2025-11-13 22:54:36.650744+00;2025-11-30 09:47:33.387488+00;TBC Reputation Boost – Exalted Outland Factions | misti.services;Reach revered or exalted with any TBC reputation quickly. misti.services farms all Burning Crusade factions on Classic, Fresh and Anniversary realms.;tbc reputation boost, burning crusade reputations, tbc exalted rep farm, tbc heroics reputation, tbc outland factions, tbc classic rep service, tbc anniversary reputation boost, tbc lower city rep, tbc sha tar rep, tbc cenarion expedition rep, tbc aldor rep, tbc scryer rep, tbc consortium reputation, tbc rep grind skip, tbc heroic key reputation;
df01952f-b102-4303-ad48-fb59f50a58a5;6222f4bc-0259-4adc-8df1-fbc333880cc6;Best in Slot ;best-in-slot;;💯;true;3;2025-10-29 20:20:59.435648+00;2025-11-30 09:51:43.359862+00;Fellowship Best in Slot Gear – BiS Sets Farm | misti.services;Get full Best in Slot gear for your Fellowship hero. misti.services farms BiS weapons, armor and relics so your builds are ready for Eternal difficulty and beyond. ;fellowship best in slot, fellowship bis gear, fellowship bis farm, fellowship bis sets, fellowship bis weapons, fellowship bis armor, fellowship relic bis, fellowship endgame gear, fellowship meta builds gear, fellowship eternal bis, fellowship bis gearing service, fellowship gear optimization, fast fellowship bis boost, safe fellowship gear carry, misti services fellowship bis;
c8f7f940-3d2e-4aa9-9667-723bf93a444a;980d33c6-eafa-4f90-a714-02a101dbb583;Gear;gear;;🧥;true;1;2025-10-26 16:23:50.459848+00;2026-01-14 21:54:31.284079+00;WoW Classic Gearing Boost - Pre-Raid BiS & Tier Sets | Misti Services;Buy fast WoW Classic Era Anniversary Gearing services. Secure Pre-Raid BiS, Tier 0.5, and crucial dungeon/raid items. Get raid-ready quickly with misti.services.;WoW Classic Gearing boost, Classic pre-raid BiS, WoW Classic BiS farm, Classic Tier 0.5 gear, WoW Classic gear service, buy Classic gearing, Classic dungeon gear, WoW Classic raid gear, max level gearing, Classic T1 T2 gear, Classic gear farming, Misti Services gearing, WoW Classic PVE gear, Classic Fresh gearing, WoW Classic itemization;
e485ce45-0002-4703-b770-7329e3621434;d6f04c15-fab2-4fd9-a790-c25cb529c517;Leveling and Gearing;leveling-and-gearing;;🏹;true;1;2025-10-21 11:58:34.309224+00;2026-01-28 10:21:20.958198+00;WoW Leveling & Gearing Services | Fast XP & Gear Boost;Skip the grind with professional WoW leveling and gearing services. Fast XP, optimized gear, and safe boosts by experienced players.;wow leveling service, wow gearing service, fast wow leveling, wow xp boost, wow character leveling, wow power leveling, wow gear boost, wow leveling boost, wow endgame gear, wow leveling carry, wow alt leveling, wow leveling eu, wow leveling na, wow gearing boost, wow item level boost, wow pve gearing, wow leveling service safe, wow leveling piloted, wow leveling account, wow fresh character leveling, wow leveling fast, wow boost leveling, wow dragonflight leveling, wow war within leveling, wow leveling price, wow leveling service cheap, wow leveling service pro, wow gearing carry, wow ilvl boost;
9ebbb992-9cd3-49af-8613-f3b41f583b96;d6f04c15-fab2-4fd9-a790-c25cb529c517;Mythic+;mythic;;⌛;true;3;2025-10-22 14:36:52.323351+00;2026-01-28 10:22:00.836697+00;WoW Mythic+ Carries | Keystone Push and Weekly Vault;Push higher keys and upgrade your gear with WoW Mythic+ carries. Timed runs, vault rewards, and smooth keystone boosts.;wow mythic plus carry, wow m+ boost, wow keystone carry, wow mythic+ services, wow m+ timed run, wow mythic dungeon boost, wow weekly vault boost, wow mythic+ eu, wow mythic+ na, wow key push service, wow high key carry, wow mythic+ loot, wow mythic+ piloted, wow mythic+ safe boost, wow dungeon carry wow, wow m+ fast run, wow mythic+ price, wow mythic+ service pro, wow mythic+ completion, wow keystone boost, wow mythic+ weekly, wow mythic dungeon carry, wow m+ carry cheap, wow mythic+ team, wow mythic+ rating boost, wow rio boost, wow mythic+ score boost, wow dungeon boost, wow mythic+ grind skip;
cfe09cfd-59e3-467e-bbcd-f3b0373cdc84;b082fef2-4bf0-4f3b-9adc-ecb212ee163a;Challenge Mode;challenge-mode;;🕰️;true;1;2025-10-31 14:53:39.359809+00;2025-11-30 09:29:48.255256+00;MoP Classic Challenge Mode Boost – Gold Medals | misti.services;Secure MoP Challenge Mode gold times with professional teams from misti.services. We clear all CM dungeons on Classic / Fresh MoP and help you earn exclusive transmogs.;mop challenge mode, mop cm boost, mop classic challenge mode gold, mop cm carry, mop challenge mode transmog, mop gold timer run, mop cm dungeons, mop fresh cm boost, wow mop challenge service, mop cm team carry, safe mop cm boost, mop classic pve services, mop challenge mode sets, mop speedrun dungeons, misti services challenge mode;
ebcd9386-0643-4a05-b31a-68729907aee7;b082fef2-4bf0-4f3b-9adc-ecb212ee163a;Mounts;mounts;;🐎;true;7;2025-10-31 14:54:18.888085+00;2025-11-30 09:32:15.241824+00;MoP Classic Mount Farm – Rare & Raid Mounts | misti.services;Hunt rare MoP mounts with our boosting teams on misti.services. We farm raid, reputation and world boss mounts across all Mists of Pandaria Classic realms.;mop mount boost, mop classic mounts, mop rare mount farm, mop raid mounts, mop world boss mount, mop reputation mounts, fresh mop mount services, mop cloud serpent farm, mop thundering serpents, mop onyx cloud serpent, mop mount carry, mop mount drop runs, wow mop mount service, mop mount collection boost, misti services mounts;
1ad9eafb-4e37-4f9b-9cee-bdc984d903e6;f92ccdc8-31da-462f-a130-12dc4de30bf5;Currency;currency;;🟡;true;8;2025-11-02 23:44:31.725707+00;2025-11-30 09:42:40.804558+00;Diablo 4 Gold & Currency Boost – Fast D4 Gold Farm | misti.services;Need more gold for upgrades and rerolls? misti.services offers safe Diablo 4 currency farming so you can craft builds, temper gear and trade without endless grinding. ;diablo 4 gold boost, d4 currency farm, diablo 4 gold coins, diablo 4 fast gold, diablo 4 gold carry, diablo 4 crafting materials farm, d4 murmuring obols farm, diablo 4 veiled crystals farm, diablo 4 forgotten souls farm, diablo 4 tempering materials, cheap diablo 4 gold service, safe diablo 4 currency boost, diablo 4 gold package, diablo 4 chaos currency, misti services diablo 4 gold;
eae13024-9541-478f-9b37-504aff915c1a;5133da2d-dd4b-4324-b050-9f31a2365561;Leveling;leveling;;🏹;true;1;2025-11-02 20:42:49.510902+00;2025-11-02 21:00:23.908683+00;;;;
1f34fa28-c062-44c5-87c5-312aba1ee6a9;d6f04c15-fab2-4fd9-a790-c25cb529c517;Achievements;achievements;;🏆;true;6;2025-10-24 22:34:51.801445+00;2025-11-30 09:13:04.930466+00;WoW Achievement Boosts, Mounts & Titles | Misti Services;100% completion for WoW achievements. Unlock Glory mounts, titles, and rare feats of strength. Save time and boost your score with us.;WoW Achievement boost, WoW mount achievements, buy WoW achievements, Glory of the Raider boost, WoW title achievements, meta achievement boost, WoW achievement score, TWW achievement carry, rare achievement boost, mount farming service, WoW feat of strength, WoW glory boost, War Within achievements, completionist boost, WoW challenging achievements;
a74ecd5e-ec55-4baa-8601-555c97966b98;980d33c6-eafa-4f90-a714-02a101dbb583;Attunements;attunements;;꩜;true;2;2025-10-26 16:23:57.239674+00;2026-01-14 21:54:43.773077+00;WoW Classic Attunements Boost | MC, BWL, Onyxia Access;Skip the frustrating grind! Buy WoW Classic Era Anniversary Attunements for Molten Core, Blackwing Lair, and Onyxia's Lair. Guaranteed raid access fast.;WoW Classic Attunement boost, MC Attunement, Onyxia Attunement, BWL Attunement, Classic Raid access, Naxxramas Attunement, Drakefire Amulet, Classic quest boost, buy Classic Attunements, Misti Services Attune, WoW Classic raid key, Classic Fresh access, Attunement unlock, WoW Classic dungeon key, Classic long questline;
171d961b-f413-4d56-b885-d3acd3a18722;980d33c6-eafa-4f90-a714-02a101dbb583;Reputations;reputations;;🗺️;true;3;2025-10-26 16:24:08.297914+00;2026-01-14 21:55:49.542+00;WoW Classic Era Repuations Boost at misti.services;Tired of the endless rep farm? Our professional WoW Classic Era boosters handle the monotonous grind for you. Fast Exalted status with any faction. 100% secure & cheap.;WoW Classic dungeon boost, Classic dungeon carry, Tier 0.5 gear farm, Classic Scholomance boost, Classic Stratholme run, Classic Dire Maul farm, WoW Classic Pre-Raid, Classic D2 set, buy Classic dungeons, Misti Services dungeons, Classic tank carry, WoW Classic level boost, Classic 5-man boost, max level dungeon, Classic heroic dungeon;
4f633dbe-f718-4715-8ae9-19258b733a22;d6f04c15-fab2-4fd9-a790-c25cb529c517;Raids;raids;;🌀;true;2;2025-10-21 18:31:38.685954+00;2026-01-28 10:21:41.164971+00;WoW Raid Carries & Clears | Normal, Heroic & Mythic;Get raid clears, loot, and achievements with WoW raid carries. Normal, Heroic, and Mythic raids completed quickly and safely.;wow raid carry, wow raid boost, wow raid clear, mythic raid carry wow, heroic raid boost wow, normal raid carry wow, wow raid services, wow loot raid, wow raid run, wow raid piloted, wow raid carry eu, wow raid carry na, wow endgame raids, wow current raid boost, wow raid achievement, wow raid clear service, wow raid team carry, wow mythic raid boost, wow heroic raid carry, wow raid loot funnel, wow raid safe boost, wow raid fast clear, wow raid price, wow raid service pro, wow raid weekly clear, wow raid carry cheap, wow raid boosters, wow raid completion, wow raid gold option;
312870ae-4c42-440f-8510-5704a1c5f333;d6f04c15-fab2-4fd9-a790-c25cb529c517;Reputations;reputations;;🗺️;true;5;2025-10-24 17:33:02.973481+00;2026-01-28 10:23:04.667283+00;WoW Reputation & Renown Boost | misti.services;Unlock rewards faster with WoW reputation farming. Get Revered or Exalted quickly without daily grind or time loss.Get max renown for any faction!;wow reputation boost, wow rep farming, wow exalted boost, wow reputation service, wow rep grind skip, wow faction reputation boost, wow rep farming service, wow reputation fast, wow rep carry, wow reputation eu, wow reputation na, wow daily quest farming, wow renown boost, wow reputation piloted, wow reputation safe, wow rep grind service, wow reputation rewards unlock, wow rep service pro, wow reputation price, wow rep farming cheap, wow reputation boosters, wow faction grind skip, wow rep farming fast, wow rep completion, wow reputation achievement, wow rep service wow, wow rep leveling, wow renown farming, wow faction exalted boost;
1f0b9195-2e81-4380-8315-539e1ce3d834;d6f04c15-fab2-4fd9-a790-c25cb529c517;Legacy Content;legacy-content;;🕰️;true;8;2025-10-28 19:10:45.028794+00;2026-01-28 10:23:56.254356+00;WoW Legacy Content Boost - Old Raids & Mounts | Misti Services;Farm old raids, collect rare transmog, and obtain legacy mounts without the grind. Custom legacy farming services by Misti Services.;wow legacy content boost, wow old raid carry, wow legacy raid farm, wow legacy dungeon boost, wow transmog farming, wow mount farm legacy, wow old content carry, wow legacy achievement boost, wow legacy eu, wow legacy na, wow legacy piloted, wow legacy safe boost, wow old raids wow, wow legacy grind skip, wow legacy loot farm, wow legacy service pro, wow legacy price, wow legacy boosters, wow legacy carry cheap, wow legacy content wow, wow transmog boost, wow legacy clear, wow legacy farming service, wow legacy raids fast, wow old expansion raids, wow legacy mount carry, wow legacy dungeon clear, wow legacy content service, wow legacy unlocks;
9a1bd73a-136b-4724-aac7-3c1ecd4f7a44;d6f04c15-fab2-4fd9-a790-c25cb529c517;WoW Gold;wow-gold;;🟡;true;9;2025-10-28 21:35:18.184812+00;2026-01-28 10:24:29.185479+00;Buy WoW Gold Safely | Fast and Secure Delivery;Buy WoW Gold with fast delivery and maximum safety. Trusted seller, secure trading methods, and fair prices.;buy wow gold, wow gold for sale, wow gold cheap, wow gold eu, wow gold na, wow gold delivery, wow gold safe, wow gold service, wow gold trade, wow gold seller, wow gold instant, wow gold fast delivery, wow gold legit, wow gold price, wow gold buy online, wow gold boost, wow gold farming service, wow gold secure, wow gold market, wow gold pro sellers, wow gold piloted farm, wow gold carry, wow gold wow, wow gold cheap price, wow gold safe buy, wow gold no ban, wow gold trusted, wow gold best site, wow gold farming wow;
b4c0ccaf-a937-4b30-9ab4-7dacee8f739b;d6f04c15-fab2-4fd9-a790-c25cb529c517;Mounts;mounts;;🐎;true;11;2025-11-20 19:57:05.997831+00;2026-01-28 10:25:07.560017+00;WoW Mounts Boost - Rare Mount Farming Service | Misti Services;Get rare and exclusive mounts with WoW mount carries. Skip RNG and long grinds with professional boosters.;wow mount boost, wow mount carry, wow rare mount boost, wow mount farming service, wow mount unlock, wow mounts wow, wow mount eu, wow mount na, wow mount piloted, wow mount safe boost, wow mount grind skip, wow mount service pro, wow mount price, wow mount boosters, wow mount carry cheap, wow mount collection boost, wow mount achievement boost, wow mount farm wow, wow mount drop boost, wow mount fast unlock, wow mount carry service, wow mount clear, wow mount legacy boost, wow mount dungeon boost, wow mount raid boost, wow mount rng skip, wow mount completion, wow mount rewards, wow mount service wow;
6d614745-bd60-4cb9-8ae6-3eb89a016056;980d33c6-eafa-4f90-a714-02a101dbb583;Professions;professions;;🧵;true;8;2025-10-27 14:47:10.409409+00;2026-01-14 21:56:25.995908+00;WoW Classic Professions Boost - 1-300 Skill | Misti Services;Max out any WoW Classic Era profession quickly! Buy 1-300 skill boosts for Herbalism, Alchemy, Engineering, and more. Save time and gold on the grind.;WoW Classic Professions boost, Classic profession 300, 1-300 skill boost, Classic Alchemy leveling, Classic Engineering boost, Classic Herbalism farming, Classic Tailoring boost, buy Classic professions, Classic max skill, Misti Services professions, WoW Classic crafting, Classic gathering boost, Classic gold making, Blacksmithing boost, Leatherworking boost;
73c36c9a-6b04-4027-92d2-c1579897738c;c1b9be6f-6c9a-4cfd-bd17-45756b1c7db6;Leveling;leveling;;🏹;true;0;2025-10-31 20:19:36.237036+00;2025-11-30 09:25:32.215988+00;Battlefield 6 Leveling Service – Fast Rank Boost | misti.services;Speed up your Battlefield 6 leveling with pro boosters from misti.services. Secure rank, unlock weapons and class upgrades faster with 24/7 support.;battlefield 6 leveling, bf6 leveling boost, battlefield 6 rank boost, fast bf6 xp, battlefield 6 account leveling, bf6 progression boost, battlefield 6 power leveling, bf6 level carry, battlefield 6 unlock weapons fast, bf6 class leveling, cheap battlefield 6 leveling, battlefield 6 leveling service, safe bf6 boost, battlefield 6 grind skip, misti services battlefield 6;
ce5de8f0-3401-4023-8972-b6a53717a35b;c1b9be6f-6c9a-4cfd-bd17-45756b1c7db6;Battle Royale;battle-royale;;⚔️;true;1;2025-10-31 20:20:04.167384+00;2025-11-30 09:25:56.110479+00;Battlefield 6 Battle Royale Wins & Rank Boost | misti.services;Dominate Battlefield 6 Battle Royale with expert boosters from misti.services. Get more wins, better K/D and faster rankings with safe hand-made services.;battlefield 6 battle royale, bf6 br boost, battlefield 6 br wins, battlefield 6 k/d boost, bf6 wins carry, battlefield 6 ranked battle royale, bf6 battle royale coaching, battlefield 6 br services, bf6 lobbies help, battlefield 6 squad carry, cheap bf6 battle royale boost, safe battlefield 6 boosting, battlefield 6 win rate boost, bf6 competitive battle royale, misti services bf6 br;
b6ed2a6d-1027-4b40-ae17-78362628e035;c1b9be6f-6c9a-4cfd-bd17-45756b1c7db6;Gauntlet Wins;gauntlet-wins;;🗡️;true;2;2025-10-31 20:20:31.321465+00;2025-11-30 09:26:21.624607+00;Battlefield 6 Gauntlet Wins Boost – Pro Carry | misti.services;Secure consistent Gauntlet wins in Battlefield 6 with pro players on misti.services. Ranked progress, weekly rewards and challenges completed on time.;battlefield 6 gauntlet, bf6 gauntlet wins, battlefield 6 gauntlet boost, bf6 gauntlet carry, battlefield 6 ranked gauntlet, bf6 gauntlet services, battlefield 6 weekly gauntlet, bf6 gauntlet rewards, battlefield 6 challenge boost, bf6 hard mode wins, cheap gauntlet boost bf6, safe battlefield 6 gauntlet carry, bf6 competitive gauntlet, battlefield 6 pro boosters, misti services battlefield gauntlet;
80676051-c2a4-4c90-b126-2782bce3ea2e;5133da2d-dd4b-4324-b050-9f31a2365561; Main Story Quests;main-story-quests;;🗺️;true;0;2025-11-02 19:48:16.983045+00;2025-11-30 09:28:01.655113+00;Destiny: Rising Main Story Quest Boost – Campaign Carry | misti.services;Complete Destiny: Rising main story quests quickly with pro boosters from misti.services. We clear campaign missions, tough bosses and unlock new content for your account.;destiny rising main story, destiny rising story boost, destiny rising campaign carry, main story quests destiny rising, destiny rising mission boost, destiny rising quest completion, fast destiny rising story, destiny rising story service, destiny rising story skip, destiny rising boss carry, destiny rising campaign progression, cheap destiny rising story boost, safe destiny rising boosting, destiny rising pve services, misti services destiny rising;
2aeac31b-5bae-4ff8-863a-f1064e274c9b;b082fef2-4bf0-4f3b-9adc-ecb212ee163a;Leveling;leveling;;🏹;true;0;2025-10-30 23:05:14.610846+00;2025-11-30 09:29:09.756351+00;MoP Classic Leveling Boost – 1–90 Powerlevel | misti.services;Skip the MoP Classic grind and reach level 90 fast. Our MoP leveling boosts on misti.services are fully hand-played, safe and optimized for Fresh Mists of Pandaria realms.;mop classic leveling, fresh mop leveling boost, wow mists of pandaria leveling, mop 1-90 boost, mop powerlevel service, mop fast leveling, mop fresh 1-90 carry, mop classic grind skip, safe mop leveling boost, wow mop classic services, mop story leveling, mop dungeon leveling, mop quest boost, mop leveling carry, misti services mop;
ce7082cb-9422-40a0-bda1-cd009133aeda;b082fef2-4bf0-4f3b-9adc-ecb212ee163a;Raids;raids;;🌀;true;2;2025-10-31 14:53:48.51285+00;2025-11-30 09:30:10.045357+00;MoP Classic Raid Boost – Normal & Heroic Clears | misti.services;Defeat every MoP raid boss without the pug stress. misti.services offers full clears, specific bosses and loot funnels for Mists of Pandaria Classic and Fresh realms.;mop raid boost, mop classic raids, fresh mop raid carry, siege of orgrimmar boost, throne of thunder boost, mop normal raid clear, mop heroic raid carry, mop raid loot funnel, mop weekly raid run, wow mop pve boost, mop classic progression, mop raid services, mop boss kill boost, mop lockout run, misti services mop raids;
97ad74c0-d8ac-4322-a223-725ee7e92792;b082fef2-4bf0-4f3b-9adc-ecb212ee163a;Dungeons;dungeons;;🐉;true;3;2025-10-31 14:53:56.777305+00;2025-11-30 09:30:31.905227+00;MoP Classic Dungeon Boost – Fast 5-Man Clears | misti.services;Farm gear, JP and VP quickly with MoP Classic dungeon boosts from misti.services. Our teams clear 5-man instances on Fresh MoP realms while you relax.;mop dungeon boost, mop classic dungeons, fresh mop 5 man carry, mop heroics boost, mop dungeon farm, mop jp farm, mop vp farm, mop dungeon gearing, mop instance clear, wow mop dungeon service, mop fast dungeon runs, mop leveling dungeons, mop random heroic boost, mop pve carry, misti services dungeons;
af2a9cdb-9bf6-444c-b4e1-97ad8c383155;b082fef2-4bf0-4f3b-9adc-ecb212ee163a;Gear;gear;;🔼;true;4;2025-10-31 14:54:01.06262+00;2025-11-30 09:30:53.58606+00;MoP Classic Gear Boost – Pre-Raid & BiS Sets | misti.services;Get raid-ready in MoP Classic with full gear services from misti.services. We farm pre-raid BiS, valor gear and upgrades on any Fresh Mists of Pandaria realm.;mop gear boost, mop classic gearing, fresh mop gear farm, mop pre raid bis, mop bis service, mop valor gear, mop justice gear, mop ilvl boost, mop character gearing, mop pve gear carry, wow mop gear service, mop raid ready set, mop upgrade items, mop gear grind skip, misti services gear;
235f9a00-b3fe-4786-8ca1-0edbe7d69a55;980d33c6-eafa-4f90-a714-02a101dbb583;Mounts;mounts;;🐎;true;5;2025-10-26 16:24:31.933057+00;2026-01-14 21:56:16.014119+00;WoW Classic Mounts Boost | Rare 100% Speed & ZG Tiger;Buy your WoW Classic 100% Speed Epic Mount and rare drops like the Swift Zulian Tiger. Professional mount farming and grinding services available at Misti Services.;WoW Classic Mounts boost, buy Classic mount, Classic 100% speed mount, Swift Zulian Tiger, Classic Epic Mount, Classic mount farming, WoW Classic ZG mount, Classic Rare mount, Classic Tiger mount, Classic Raptor mount, Classic mount collector, Misti Services mounts, WoW Classic mount carry, Classic horse mount, Classic riding skill;
bccf784b-6919-4020-9a70-5da0b4c0119c;b082fef2-4bf0-4f3b-9adc-ecb212ee163a;PvP;pvp;;⚔️;true;5;2025-10-31 14:54:09.049161+00;2025-11-30 09:31:20.143037+00;MoP Classic PvP Boost – Rating, Gear & Titles | misti.services;Climb the PvP ladder in MoP Classic with safe arena and RBG boosts from misti.services. We help you get rating, conquest gear and classic MoP PvP titles.;mop pvp boost, mop classic arena, mop rbg carry, mop pvp rating boost, mop conquest cap, mop honor farm, mop pvp gear, fresh mop pvp services, mop 2v2 boost, mop 3v3 boost, mop rbg wins, mop gladiator push, mop duel class carry, wow mop pvp help, misti services pvp;
403bbc9e-7076-45b3-8734-4cad84441be2;b082fef2-4bf0-4f3b-9adc-ecb212ee163a;Achievements;achievements;;🏆;true;6;2025-10-31 14:54:14.567076+00;2025-11-30 09:31:50.220162+00;MoP Classic Achievement Boost – Meta & Glory Runs | misti.services;Finish hard MoP Classic achievements without the grind. misti.services completes meta, raid and dungeon achievements on any Mists of Pandaria Classic / Fresh realm.;mop achievement boost, mop classic achievements, mop meta achievement, mop glory runs, mop raid achievements, mop dungeon achievements, mop title boost, mop classic feat of strength, mop mount achievements, mop exploration achievements, mop reputation achievements, mop glory of the raider mop, mop achievement carry, wow mop achievement service, misti services achievements;
eef98e08-1b65-4858-859f-5418bbab5fa2;b082fef2-4bf0-4f3b-9adc-ecb212ee163a;Reputations;reputations;;🗺️;true;8;2025-10-31 14:54:24.560406+00;2025-11-30 09:32:39.28726+00;MoP Classic Reputation Farm – Exalted Reps | misti.services;Reach exalted with MoP factions fast. misti.services offers full reputation farm for Mists of Pandaria Classic, including daily quests, tokens and bonus rep events.;mop reputation boost, mop classic reputations, mop exalted farm, mop faction rep carry, mop daily quest farm, mop tillers rep, mop golden lotus rep, mop klaxxi rep, mop august celestials rep, mop shado pan rep, mop fishing rep, mop farm exalted fast, mop rep tokens, wow mop rep service, misti services reputations;
fa2ec4fa-83db-400d-aa31-4302a9a97609;b082fef2-4bf0-4f3b-9adc-ecb212ee163a;Professions;professions;;🧵;true;9;2025-10-31 14:54:30.281395+00;2025-11-30 09:34:10.351223+00;MoP Classic Professions Boost – Crafting & Gathering Powerlevel | misti.services;Level any Mists of Pandaria profession fast on MoP Classic. misti.services offers full profession powerleveling, from gathering to max-level crafting on all Fresh MoP realms.;mop professions boost, mop classic professions, mists of pandaria professions, mop profession powerleveling, mop crafting boost, mop gathering boost, mop herbalism leveling, mop mining leveling, mop blacksmithing boost, mop engineering boost, mop alchemy boost, mop inscription boost, mop jewelcrafting boost, mop tailoring and leatherworking mop, misti services mop professions;
d69ac67d-532d-4d2e-aa92-e326579125b8;f92ccdc8-31da-462f-a130-12dc4de30bf5;Leveling;leveling;;🏹;true;0;2025-11-02 23:43:47.017678+00;2025-11-30 09:41:08.224012+00;Diablo 4 Power Leveling Boost – Fast 1–100 D4 Service | misti.services;Skip the grind in Diablo 4 with pro power leveling from misti.services. We boost your character to level 100 fast, unlock world tiers and prepare you for endgame.;diablo 4 leveling boost, d4 power leveling, diablo 4 1-100 boost, diablo 4 fast leveling, diablo 4 level carry, diablo 4 campaign skip, d4 seasonal leveling, diablo 4 alt leveling, diablo 4 world tier unlock, d4 paragon leveling, cheap diablo 4 leveling service, safe diablo 4 boost, diablo 4 grind skip, diablo 4 powerleveling service, misti services diablo 4 leveling;
c75b3391-ab33-45c3-8a4d-dae85a5a6e7c;f92ccdc8-31da-462f-a130-12dc4de30bf5;Bosses;bosses;;🔥;true;1;2025-11-02 23:43:52.037711+00;2025-11-30 09:41:35.467012+00;Diablo 4 Boss Carry – Uber & World Boss Kills | misti.services;Beat any Diablo 4 boss with expert carries from misti.services. We kill Uber Lilith, Duriel and other endgame bosses for you, farming uniques and materials safely. ;diablo 4 boss carry, d4 bosses boost, diablo 4 uber lilith kill, diablo 4 duriel carry, diablo 4 tormented bosses, diablo 4 world boss boost, d4 harbinger of hatred kill, diablo 4 lair bosses, diablo 4 boss loot farm, diablo 4 unique target farm, cheap diablo 4 boss boost, safe d4 boss services, diablo 4 pinnacle boss carry, diablo 4 boss run, misti services diablo 4 bosses;
1661c892-50ee-4f2c-8d96-f31f6e81c787;f92ccdc8-31da-462f-a130-12dc4de30bf5;Items;items;;⚡;true;2;2025-11-02 23:43:56.657534+00;2025-11-30 09:42:00.49649+00;Diablo 4 Items Farm – Uniques, Mythic & Greater Affix Gear | misti.services;Let misti.services farm your Diablo 4 items while you relax. We target-farm Uniques, Mythic gear and Greater Affix items from the best bosses and activities. ;diablo 4 items farm, d4 unique items boost, diablo 4 mythic gear, diablo 4 greater affix items, diablo 4 gear farming service, d4 endgame item farm, diablo 4 loot carry, diablo 4 ancestral gear farm, diablo 4 chaos uniques, diablo 4 item target farming, cheap diablo 4 items boost, safe d4 item service, diablo 4 best gear farm, diablo 4 build items, misti services diablo 4 items;
2468b6cf-4682-449e-9911-cd76e69afb21;f92ccdc8-31da-462f-a130-12dc4de30bf5;Builds;builds;;🧥;true;4;2025-11-02 23:44:05.166064+00;2025-11-30 09:42:23.721624+00;Diablo 4 Build Boost – Ready-to-Play Meta Builds | misti.services;Get a complete Diablo 4 build prepared for you. misti.services farms the gear, gold and materials you need so your D4 build is raid-ready and tuned for the current season. ;diablo 4 builds boost, d4 meta builds, diablo 4 endgame build service, diablo 4 sorcerer build carry, diablo 4 barbarian build setup, diablo 4 rogue build farm, diablo 4 druid build gearing, diablo 4 necromancer build gear, diablo 4 vessel of hatred builds, d4 chaos perks builds, diablo 4 build optimization, diablo 4 build ready service, diablo 4 gear for build, diablo 4 build crafting, misti services diablo 4 builds;
5d7dc454-9b9a-4074-9098-fe0a150d9076;f92ccdc8-31da-462f-a130-12dc4de30bf5;Mounts;mounts;;🐎;true;9;2025-11-02 23:44:35.140046+00;2025-11-30 09:42:57.909613+00;Diablo 4 Mount Farm – Rare & Event Mounts | misti.services;Unlock stylish Diablo 4 mounts faster. misti.services farms rare, seasonal and event mounts for your account so you can ride through Sanctuary in style.;diablo 4 mounts, d4 mount boost, diablo 4 rare mount farm, diablo 4 seasonal mounts, diablo 4 event mount carry, diablo 4 horse skins, diablo 4 mount unlock, diablo 4 mount cosmetics, diablo 4 account wide mount, diablo 4 endgame mount farm, cheap diablo 4 mount service, safe d4 mount boost, diablo 4 battle pass mounts, diablo 4 cosmetic mounts, misti services diablo 4 mounts;
81a213fe-4ea9-496a-bc0c-1ff2c3e12230;f92ccdc8-31da-462f-a130-12dc4de30bf5;Cosmetics;cosmetics;;👑;true;10;2025-11-02 23:44:40.70524+00;2025-11-30 09:43:16.065+00;Diablo 4 Cosmetics Boost – Skins, Transmog & Battle Pass | misti.services;Complete cosmetic grinds in Diablo 4 with help from misti.services. We farm transmogs, armor sets, seasonal cosmetics and battle pass tiers so your character looks perfect. ;diablo 4 cosmetics, diablo 4 cosmetic farm, d4 transmog boost, diablo 4 armor skins, diablo 4 weapon skins, diablo 4 battle pass levels, diablo 4 cosmetic sets, diablo 4 seasonal cosmetics, diablo 4 shop skins grind, diablo 4 cosmetic carry, cheap diablo 4 cosmetic boost, safe d4 cosmetic services, diablo 4 appearance unlocks, diablo 4 wardrobe skins, misti services diablo 4 cosmetics;
116b15ba-d76a-44a3-b1be-5bcb88c71693;a4dc8983-8370-4785-ac2a-66a0a06e1365;Attunements;attunements;;꩜;true;1;2025-11-11 19:35:29.617993+00;2025-11-30 09:46:42.017711+00;TBC Attunement Boost – Karazhan & Heroic Keys | misti.services;Unlock all Burning Crusade attunements fast. misti.services completes Karazhan, raid and heroic dungeon attunement chains for TBC Classic and Anniversary realms.;tbc attunement boost, tbc karazhan attunement, burning crusade attunements, tbc heroic key service, anniversary tbc attunements, tbc dungeon key boost, tbc raid attunement carry, tbc ssc attunement, tbc tk attunement, tbc bt attunement, tbc hyjal attunement, tbc key quest boost, tbc reputation for heroics, tbc access to heroic dungeons, misti services tbc attunement;
d3e97c55-a89f-439d-aa5a-00f87f713e07;a4dc8983-8370-4785-ac2a-66a0a06e1365;PvP;pvp;;⚔️;true;2;2025-11-12 20:00:19.406693+00;2025-11-30 09:47:02.262426+00;TBC Classic PvP Boost – Arena Rating & Honor Farm | misti.services;Climb TBC Classic Arena and farm honor faster. misti.services offers 2v2, 3v3 and BG PvP boosts on Burning Crusade Anniversary and Fresh realms.;tbc pvp boost, tbc arena rating boost, tbc classic arena carry, tbc anniversary pvp, tbc 2v2 boost, tbc 3v3 boost, tbc 5v5 rating service, tbc bg honor farm, tbc pvp gear boost, tbc resilience gear, burning crusade pvp service, tbc classic pvp arena, tbc pvp coaching, tbc pvp titles boost, misti services tbc pvp;
d2c3bb86-72be-4345-8f78-3c62edc8e30d;a4dc8983-8370-4785-ac2a-66a0a06e1365;Gearing;gearing;;🧥;true;4;2025-11-24 15:29:05.585666+00;2025-11-30 09:47:59.403727+00;TBC Classic Gearing Boost – Pre-Raid & Tier Sets | misti.services;Get raid-ready fast in Burning Crusade. misti.services farms pre-raid BiS, heroic gear and raid loot on TBC Classic and Anniversary realms for your character.;tbc gearing boost, tbc pre raid bis, burning crusade gear service, tbc heroic gear farm, tbc dungeon gear boost, tbc raid gear carry, tbc t4 gear farm, tbc t5 gear boost, tbc t6 gear service, tbc anniversary gearing, tbc badge gear farm, tbc pve gear boost, tbc catch up gear, tbc fresh realm gearing, misti services tbc gearing;
dd0a718d-be2b-4753-b664-9dfafd87f031;6222f4bc-0259-4adc-8df1-fbc333880cc6;Dungeons;dungeons;;🌀;true;0;2025-10-29 18:45:40.668677+00;2025-11-30 09:50:27.958142+00;Fellowship Dungeons Boost – Any Difficulty Runs | misti.services;Clear any Fellowship dungeon fast with expert carries from misti.services. We farm gear, relics and item level in Contender, Champion and Eternal dungeons. ;fellowship dungeons boost, fellowship dungeon runs, fellowship dungeon carry, fellowship any difficulty dungeon, fellowship eternal dungeons, fellowship contender dungeons, fellowship champion dungeons, fellowship dungeon farm, fellowship relic farm, fellowship gear farm, fellowship ilvl farm, fellowship dungeon rewards, fast fellowship dungeons, safe fellowship boosting, misti services fellowship dungeons;
9a35a2a9-6608-4f59-87a5-bff35a0585fd;6222f4bc-0259-4adc-8df1-fbc333880cc6;Adventures;adventures;;🏞️;true;2;2025-10-29 19:39:18.207278+00;2025-11-30 09:50:54.833356+00;Fellowship Adventures Boost – Endgame Adventure Runs | misti.services;Beat the hardest Fellowship Adventures without the wipefest. misti.services completes adventure runs for rewards, relics and progression while you skip the stress. ;fellowship adventures boost, fellowship adventure runs, fellowship adventure carry, fellowship endgame adventures, fellowship hard adventure mode, fellowship adventure farm, fellowship relics from adventures, fellowship adventure rewards, fellowship adventure progression, fellowship co op adventures, fast fellowship adventures, safe fellowship adventure boost, fellowship adventure services, fellowship dungeon adventure game, misti services fellowship adventures;
60ca28d8-7c05-4dc8-8df4-fec6d27053fa;6222f4bc-0259-4adc-8df1-fbc333880cc6;Fellowship Item Level;fellowship-item-level;;🔼;true;2;2025-10-29 20:01:32.711408+00;2025-11-30 09:51:20.360728+00;Fellowship Item Level Boost – Gear Score & Ilvl Farm | misti.services;Raise your Fellowship item level quickly with misti.services. We chain dungeons and rewards to push your ilvl for higher tiers, harder content and stronger builds. ;fellowship item level boost, fellowship ilvl boost, fellowship gear score, fellowship ilvl farm, fellowship endgame ilvl, fellowship contender ilvl, fellowship champion ilvl, fellowship eternal gear score, fellowship gear upgrades, fellowship token gear, fellowship dungeon ilvl farm, fellowship gearing service, fast fellowship item level, safe fellowship ilvl carry, misti services fellowship ilvl;
2a95aad6-2621-476c-a5ae-a5b06becbcaf;6222f4bc-0259-4adc-8df1-fbc333880cc6;Quickplay Games;quickplay-games;;🗡️;true;4;2025-10-29 20:39:40.087657+00;2025-11-30 09:52:04.316221+00;Fellowship Quickplay Games Boost – Fast Token Farm | misti.services;Spam Quickplay dungeons without the hassle. misti.services runs Fellowship Quickplay games for Supplies and Marks of Fellowship so you gear up faster. ;fellowship quickplay boost, fellowship quickplay games, fellowship quickplay carry, fellowship quickplay dungeons, fellowship supplies farm, fellowship marks of fellowship farm, fellowship quartermaster tokens farm, fellowship quickplay rewards, fellowship quickplay runs, fellowship fast quickplay, fellowship token farming service, fellowship currency farm, cheap fellowship quickplay boost, safe fellowship quickplay, misti services fellowship quickplay;
48f1a169-6d4d-4c72-a746-e7b771a46086;6222f4bc-0259-4adc-8df1-fbc333880cc6;Hero Talents;hero-talents;;🔥;true;5;2025-10-29 21:06:46.556631+00;2025-11-30 09:52:27.90713+00;Fellowship Hero Talents Boost – Talents Unlock & Upgrade | misti.services;Unlock and level your Fellowship Hero Talents fast with misti.services. We run the dungeons and Quickplay needed for talent points so your hero feels fully powered. ;fellowship hero talents, fellowship hero talents boost, fellowship talents unlock, fellowship talent points farm, fellowship talent tree upgrade, fellowship dungeons for talents, fellowship quickplay talents, fellowship endgame talents, fellowship best talents build, fellowship hero power boost, fellowship talent progression, fast fellowship talents service, safe fellowship talents carry, fellowship hero build boost, misti services fellowship hero talents;
32684bd1-f1e7-45ad-86d4-4e24e13f8e8e;6222f4bc-0259-4adc-8df1-fbc333880cc6;Relics;relics;;🔮;true;6;2025-10-29 21:29:51.900034+00;2025-11-30 09:52:50.457868+00;Fellowship Relics Farm – Powerful Relic Boost | misti.services;Farm powerful Fellowship relics without the grind. misti.services clears dungeons and adventures to unlock relics that power up your hero talents and gear. ;fellowship relics boost, fellowship relic farm, fellowship dungeon relics, fellowship adventure relics, fellowship endgame relics, fellowship relic progression, fellowship relic builds, fellowship relic synergy, fellowship relics and talents, fellowship relic carry, fellowship relic drop farm, fellowship relic services, fast fellowship relic boosting, safe fellowship relic farm, misti services fellowship relics;
c39db750-5476-465a-8e45-04771985e087;6222f4bc-0259-4adc-8df1-fbc333880cc6;Quartermaster Tokens;quartermaster-tokens;;🟩;true;7;2025-10-29 21:44:38.320106+00;2025-11-30 09:53:12.757695+00;Fellowship Quartermaster Tokens Boost – Supplies Farm | misti.services;Need more Quartermaster Tokens (now Supplies) for gear and upgrades? misti.services farms Fellowship tokens through Quickplay and dungeons so you progress faster. ;fellowship quartermaster tokens, fellowship supplies currency, fellowship tokens farm, fellowship quartermaster tokens boost, fellowship supplies boost, fellowship quickplay tokens, fellowship dungeon tokens, fellowship gear tokens, fellowship currency boosting, fellowship shop currency, fellowship tokens for gear, fellowship marks and supplies, fast fellowship token farm, safe fellowship currency carry, misti services fellowship quartermaster tokens;
b9dc281a-907a-4f33-9edf-2cc5adb54811;ff62575b-0a1e-40bc-b489-fccdf5d67b39;Leveling;leveling;;🏹;true;0;2025-12-04 22:31:56.295866+00;2025-12-04 22:41:03.50504+00;FFXIV Leveling Service – Fast 1–100 Job Powerleveling in Dawntrail | misti.services;Boost your Final Fantasy XIV jobs from 1 to 100 with our trusted FFXIV leveling service at misti.services. Safe, manual Dawntrail powerleveling for main and alt jobs, including MSQ, gear and all rewards kept.;FFXIV leveling service, FFXIV power leveling boost, FF14 job leveling, Final Fantasy XIV leveling, FFXIV Dawntrail leveling service, FFXIV 1-100 powerleveling, buy FFXIV leveling boost, FFXIV job boost Dawntrail, FF14 fast leveling, FFXIV main job boost, FFXIV alt job leveling, FFXIV MSQ leveling service, FFXIV Dawntrail 90-100 boost, FFXIV safe powerleveling, FFXIV VPN protected boost, FFXIV job progression service, FFXIV endgame ready boost, FFXIV trusted leveling provider, FF14 quick level boost, FFXIV professional boosters;
d0a5698f-0379-44e1-9963-e498aa422a18;ff62575b-0a1e-40bc-b489-fccdf5d67b39;Gil;gil;;🟡;true;1;2025-12-04 12:25:34.495477+00;2025-12-04 22:41:07.028773+00;Buy FFXIV Gil – Safe, Cheap & Fast Delivery | misti.services;Buy FFXIV Gil 100% safely & cheaply. Enjoy instant, 10-minute delivery for all FF14 servers (NA/EU/JP/OCE). Secure your Gil today and skip the Eorzea grind!;buy ffxiv gil, cheap ff14 gil, ffxiv gil for sale, fast ffxiv gil delivery, safe ff14 gil shop, buy final fantasy xiv gil, ffxiv gil dawntrail, ffxiv gil na eu jp oce, ffxiv housing gil, ffxiv market board gil, best site to buy ffxiv gil, ffxiv gil instant delivery, ff14 gil trusted seller, buy ff14 gil online, ffxiv gil boost, ffxiv gil shop misti services, final fantasy xiv gil currency, ffxiv gil for raids and housing;
5a461f21-24b8-47e5-afe0-b350cf414cb0;af6c57b3-f60a-4a1f-9778-39da81d86dda;Leveling;leveling;;🏹;true;0;2025-12-05 13:31:31.711437+00;2025-12-05 13:31:31.711437+00;Buy EFT Leveling Boost | Unlock Flea Market & Traders | Misti Services;Skip the early game grind with our Escape from Tarkov PMC Leveling Boost. Unlock the Flea Market and max traders fast with Misti Services. 100% manual and secure.;Escape from Tarkov leveling boost, EFT power leveling, buy tarkov level boost, fast PMC leveling, EFT flea market unlock, tarkov level 15 boost, escape from tarkov xp farm, EFT trader leveling service, tarkov wipe progression, cheap eft boost, tarkov piloted leveling, buy tarkov exp, tarkov quest boosting, level up fast tarkov, tarkov carry service, manual eft leveling, safe tarkov boost, misti services tarkov, eft powerleveling service, tarkov max traders boost, tarkov kappa grind, tarkov level 42 boost, escape from tarkov account boost, tarkov rapid leveling, eft experience farm, tarkov level boosting service, eft pmc boost, tarkov loyalty level unlock, buy tarkov levels, eft power leveling carry, tarkov bitcoin farm unlock, tarkov jaeger unlock, eft mechanic level boost, tarkov ragman leveling, escape from tarkov coaching, tarkov beginner boost, tarkov early wipe boost, eft leveling service, professional tarkov boosters, tarkov secure boost, eft account leveling;
62628548-4dcf-4b07-841d-a5d46d8735ea;a4dc8983-8370-4785-ac2a-66a0a06e1365;Leveling;leveling;;🏹;true;0;2025-11-09 12:31:28.977392+00;2025-12-05 23:52:27.808619+00;TBC Classic 1–70 Leveling Boost – Powerlevel Fast | misti.services;Skip the Outland grind with TBC Classic 1–70 leveling boosts from misti.services. We quest, dungeon and grind mobs for you on Fresh and Anniversary realms.;tbc classic leveling, tbc 1-70 boost, burning crusade leveling service, tbc power leveling, tbc anniversary leveling, wow tbc fast leveling, outland leveling boost, tbc fresh leveling carry, tbc questing boost, tbc dungeon leveling, tbc classic boost service, safe tbc leveling, cheap tbc leveling boost, tbc leveling to 70, misti services tbc leveling,buy tbc powerleveling,buy tbc leveling,buy tbc leveling carry, buy tbc anniversary powerleveling, buy tbc anniverasary leveling;
af996091-6134-4a47-b755-6c0ac7f3b65b;980d33c6-eafa-4f90-a714-02a101dbb583;Leveling;leveling;;🏹;true;0;2025-10-26 12:07:11.374043+00;2026-01-14 21:54:11.392988+00;WoW Classic 1-60 Leveling & Gearing Boost | Misti Services;Buy fast WoW Classic Era Leveling (1-60) and Pre-Raid BiS Gearing. Skip the grind and jump straight to endgame. Safe, manual carry by Misti Services.;WoW Classic leveling, Fresh Classic 1-60 boost, WoW Classic 20th Anniversary leveling, Classic Level 60 carry, Classic Fresh powerleveling, Vanilla WoW boost, Classic pre-raid BiS, WoW Classic gear service, buy Classic leveling, fast Classic leveling, Classic Fresh boost, Misti Services Classic, WoW Classic level 60, WoW Classic Gearing, Classic Anniversary boost;
ad312297-e28b-4185-8694-55f8078c94b1;af6c57b3-f60a-4a1f-9778-39da81d86dda;Quests;quests;;📦;true;1;2025-12-07 19:17:34.75093+00;2025-12-07 19:18:03.852344+00;Escape from Tarkov Quests Boost – Fast Questline Completion | misti.services;Complete Escape from Tarkov quests fast with misti.services. Our EFT quest boost helps you finish hard questlines, gain trader rep, loot, and progress without stressful grind.;escape from tarkov quests boost, eft quests boost, tarkov quest boost service, escape from tarkov questline carry, tarkov quest completion boost, eft trader quests boost, tarkov kappa questline help, tarkov punisher quests boost, eft gunsmith quests carry, tarkov shoreline quests boost, eft woods quests completion, tarkov interchange quests help, eft late game quests boost, tarkov key quests service, escape from tarkov progression boost, eft trader reputation boost, tarkov xp and rep farm, eft safe quest boosting, tarkov hard quests help, eft quest grind skip, tarkov pve quest carry, eft custom quest package, tarkov kill quests boost, eft item turn in quests, tarkov fast quest completion, escape from tarkov boosting services, eft eu quest boost, eft us quest boost, tarkov selfplay quest service, tarkov piloted quest service, misti services tarkov quests boost;
13095953-1c23-4cc6-9101-986220a1c75e;af6c57b3-f60a-4a1f-9778-39da81d86dda;Raids;raids;;🌀;true;2;2025-12-08 21:16:50.301205+00;2025-12-08 21:16:50.301205+00;Escape from Tarkov Raids Boost – Safe & Fast Raid Carry | misti.services;Escape from Tarkov Raids Boost from misti.services – safe, fast raid carries for loot, quests & achievements. Beat hardcore raids without endless wipes.;escape from tarkov raids boost, eft raids boost, tarkov raid carry, escape from tarkov raid carry service, tarkov raid boosting, eft raid boosting, escape from tarkov carry service, tarkov pve raid boost, tarkov raid loot farm, eft raid completion service, tarkov quests help, tarkov tasks carry, tarkov loot run service, escape from tarkov sherpa, eft pro players boost, tarkov hardcore raids help, tarkov endgame raids boost, tarkov labs raid carry, tarkov customs raid boost, tarkov shoreline raid boost, tarkov woods raid boost, tarkov lighthouse raid boost, tarkov reserve raid boost, tarkov factory raid boost, tarkov boss farming service, tarkov kappa quest help, tarkov achievements boost, tarkov fast leveling raids, tarkov safe piloted boost, tarkov stream carry service, tarkov duo raid carry, tarkov pvp raid coaching, misti services tarkov boost;
14161660-f8ad-45ec-920c-d4610cf2bc10;a4dc8983-8370-4785-ac2a-66a0a06e1365;TBC Gold;tbc-gold;;🟡;true;3;2026-01-14 21:05:36.987295+00;2026-01-14 21:05:36.987295+00;Buy WoW TBC Anniversary Gold | Any Realm, Fast Delivery;Buy WoW TBC Anniversary Gold in any amount on any realm, always in stock. WoW TBC Fresh Gold with daily updates and fast delivery, typically under 15 minutes depending on the realm.;WoW TBC Anniversary Gold, WoW TBC Fresh Gold, buy WoW TBC Gold, TBC Anniversary Gold for sale, TBC Fresh Gold for sale, cheap WoW TBC Gold, premium WoW TBC Gold, instant WoW TBC Gold delivery, fast TBC Gold, WoW TBC Gold any realm, WoW TBC Gold in stock, TBC Gold daily stock, safe WoW TBC Gold, trusted WoW TBC Gold seller, elite WoW TBC Gold, WoW TBC Gold EU, WoW TBC Gold US, WoW TBC Gold buy online, WoW TBC Gold shop, WoW TBC Gold service, TBC Fresh Gold any realm, TBC Anniversary Gold instant, WoW TBC Gold fast delivery, WoW TBC Gold secure, WoW TBC Gold marketplace, WoW TBC Gold provider, WoW TBC Gold 15 minute delivery;
017ecb16-58f7-4a34-b552-417a7dd35e8e;980d33c6-eafa-4f90-a714-02a101dbb583;PvP;pvp;;⚔️;true;4;2025-10-26 16:24:19.953955+00;2026-01-14 21:56:10.002899+00;WoW Classic Era PvP Boost & Rank 14 Carry | Misti Services;Dominate the Classic WoW PvP landscape. Buy WoW Classic Honor Farm, Rank 14 Grand Marshal/High Warlord boosts, and Battleground completion services.;WoW Classic PvP boost, Classic Honor farm, Rank 14 boost, Classic Grand Marshal, High Warlord carry, Classic battleground farm, Korrak's Revenge boost, buy Classic PvP rank, Classic PvP gear, Warsong Gulch boost, Arathi Basin boost, WoW Classic PvP title, Misti Services PvP, Classic AB farm, Classic AV farm;
cb6f4b7a-3181-43b7-b16c-e8baac420dcc;a4dc8983-8370-4785-ac2a-66a0a06e1365;Mounts;mounts;;🐦‍🔥;true;8;2026-01-17 11:06:46.79296+00;2026-01-17 11:06:46.79296+00;WoW TBC Mounts Farm Boost – Ashes of Al'ar, Raven Lord and More;Buy WoW TBC Mounts fast & safe. Skip the grind for Ashes of Al'ar, Raven Lord & more. 100% manual boosting with VPN protection. Start your mount carry today!;buy WoW TBC mounts, WoW TBC mount boost, TBC classic mount carry, burning crusade mount farming service, cheap WoW TBC mounts, buy WoW mount runs, TBC reputation mount boost, WoW mount collection boost, buy TBC rare mounts, WoW TBC mount shop, buy Ashes of Al'ar boost, Raven Lord mount carry, Swift White Hawkstrider boost service, buy Netherwing Drake mount, Talbuk reputation boost, Fiery Warhorse carry, Midnight mount boost, Cenarion War Hippogryph boost, Nether Ray rep farm service, Amani Battle Bear boost, piloted WoW mount farm, account share mount boosting, safe WoW mount carry, manual WoW mount farming, WoW TBC dungeon farm service, guaranteed mount drop boost, fast WoW rep grinding service, EU WoW mount boost, trusted WoW boosting site, WoW mount farm price;
c4aeeaf5-d762-4dfd-af68-e34d7dbe05fb;980d33c6-eafa-4f90-a714-02a101dbb583;Era Gold;era-gold;;🟡;true;7;2026-01-17 23:27:04.663271+00;2026-01-17 23:27:04.663271+00;Buy WoW Classic ERA Gold - Fast & Safe | misti.services;Buy cheap WoW Classic ERA Gold with instant delivery. Safe hand-farmed gold for all realms. 24/7 support, secure transactions, and competitive prices at misti.services;buy wow classic era gold, wow era gold, cheap classic era gold, wow classic gold for sale, classic era gold us, classic era gold eu, wow classic era currency, safe wow gold buying, fast era gold delivery, handfarmed wow gold, wow classic vanilla gold, era gold alliance, era gold horde, instant wow gold delivery, cheap wow era gold, wow classic era gold service, buy classic gold online, wow era gold cheap prices, secure wow gold purchase, wow classic gold 24/7, classic era gold all servers, wow gold face to face trade, wow classic era gold stock, reliable wow gold seller, wow classic era gold boost, buy gold wow classic, wow era gold safe delivery, classic wow gold marketplace, wow classic era gold shop, affordable classic era gold;
8d68615d-556f-4c42-a52c-c7a4b1c2e44f;f92ccdc8-31da-462f-a130-12dc4de30bf5;Season of Divine Intervention;season-of-divine-intervention;;🕰️;true;7;2025-12-09 22:34:45.011924+00;2025-12-09 22:35:14.951896+00;Diablo 4 Season of Divine Intervention Boost – Season 11;Skip the grind in Diablo 4 Season of Divine Intervention. Fast Season 11 boosts, Azmodan & Lesser Evils farming, Divine Gifts and Sanctification gear from pro boosters at misti.services;Diablo 4 Season 11 boost, Season of Divine Intervention boost, Diablo 4 Divine Intervention carries, Diablo 4 Season of Divine Intervention services, Diablo 4 Season 11 power leveling, Diablo 4 seasonal leveling boost, Diablo 4 battle pass boost, Diablo 4 Season 11 battle pass carry, Diablo 4 Azmodan world boss carry, Diablo 4 Lesser Evils farm, Diablo 4 Divine Gifts farming, Diablo 4 Sanctification gear farm, Diablo 4 loot 3.0 boost, Diablo 4 masterworking boost, Diablo 4 tempering boost, Diablo 4 Hadriel questline carry, Diablo 4 Season 11 loot farm, Diablo 4 endgame gear farming, Diablo 4 Season 11 grind skip, buy Diablo 4 Season of Divine Intervention boost, cheap Diablo 4 season boost, fast Diablo 4 boosting service, Diablo 4 softcore seasonal boost, Diablo 4 hardcore seasonal carry, Diablo 4 Season 11 boss carry, Diablo 4 seasonal objectives completion, Diablo 4 Season 11 renown farm, Diablo 4 itemization rework farming, Diablo 4 Season 11 dungeon carry, Diablo 4 Season 11 coaching, misti.services Diablo 4 boost, professional Diablo 4 boosters, Diablo 4 PC season boost, Diablo 4 Season 11 meta build ready;
1dea78b7-88a7-4056-84fb-9f891ece362c;a4dc8983-8370-4785-ac2a-66a0a06e1365;Professions;proffesions;;🧵;true;5;2025-11-24 15:36:32.408537+00;2025-12-14 20:01:04.782432+00;TBC Professions Boost – 300–375 Powerleveling | misti.services;Max your Burning Crusade professions quickly. misti.services powerlevels any TBC profession from 300–375 on Classic, Fresh and Anniversary realms.;tbc professions boost, tbc classic professions leveling, burning crusade profession powerleveling, tbc 300-375 professions, tbc crafting boost, tbc gathering boost, tbc herbalism leveling, tbc mining leveling, tbc blacksmithing boost, tbc engineering boost, tbc alchemy boost, tbc jewelcrafting leveling, tbc leatherworking boost, tbc tailoring boost, misti services tbc professions;
bfea8b11-6960-4fae-8800-0e85d08ac27f;af6c57b3-f60a-4a1f-9778-39da81d86dda;EFT Rouble;eft-rouble;;🟡;true;3;2025-12-20 20:12:43.78354+00;2025-12-20 20:12:43.78354+00;Buy EFT Roubles PvP & PvE - Safe Delivery | misti.services;Secure Your EFT Rouble Stash with misti.services Get back into the raid fully geared. We offer instant 5-minute transfers with massive stock available.;Buy Tarkov Roubles, EFT Roubles for sale, Escape from Tarkov currency, Cheap Tarkov Roubles, Tarkov PvP Roubles, Tarkov PvE Roubles, Misti Services Tarkov, EFT Rouble shop, Tarkov money boost, Best site for Tarkov Roubles, Instant Tarkov Rouble delivery, 5 minute Tarkov transfer, Fast EFT currency delivery, Tarkov Roubles instant delivery, Quick Tarkov stash boost, Safe Tarkov Roubles, No-ban Tarkov currency, EFT selfplay Rouble boost, Legitimate Tarkov Rouble seller, Secure Tarkov money transfer, Tarkov Rouble service reviews, Tarkov Flea Market unlock service, EFT Market Unlock boost, 100M Tarkov PvP Roubles, 500M Tarkov PvE Roubles, Tarkov level 15 unlock, EFT stash expansion service, Tarkov item delivery, How to buy Roubles in Tarkov, Tarkov Rouble price per million, Cheapest EFT Roubles 2025, Reliable Tarkov boosting service, Where to buy Tarkov PvE money, EFT Rouble transfer guide, Misti Services EFT;
1e289898-c4fe-4644-b067-e80319ab1b0f;343a0691-bfd7-46c8-8e37-3b7fe5194159;Leveling;leveling;;🏹;true;0;2025-12-21 20:58:49.591384+00;2025-12-21 20:58:49.591384+00;ARC Raiders Power Leveling & Boosting | Fast Skill Points & Workshop Leveling;Skip the grind in ARC Raiders. Get fast power leveling, skill point farming, and workshop upgrades. Secure your Expedition reset bonuses and unlock top-tier blueprints safely.;arc raiders powerleveling, arc raiders boosting service, arc raiders xp farm, arc raiders skill points boost, arc raiders workshop leveling, buy arc raiders leveling, arc raiders fast level up, arc raiders character boost, arc raiders prestige leveling, arc raiders expedition project help, arc raiders stash value farm, arc raiders coin farming, arc raiders blueprint farm, arc raiders carry service, arc raiders survival tree leveling, arc raiders conditioning tree boost, arc raiders mobility skills unlock, arc raiders level cap service, arc raiders safe boosting, arc raiders piloted leveling, arc raiders self-play carry, arc raiders pc boosting, arc raiders ps5 leveling, arc raiders xbox powerleveling, arc raiders crafting materials farm, arc raiders scrappy leveling, arc raiders account reset help, arc raiders wipe preparation, arc raiders end game boost, arc raiders rank up service, arc raiders leveling guide 2025, arc raiders raid completion, arc raiders boss kills boost;
dea1f612-3aec-429d-a14f-436bb0012601;343a0691-bfd7-46c8-8e37-3b7fe5194159;Items;items;;🧥;true;2;2025-12-29 17:13:42.467431+00;2025-12-29 17:13:42.467431+00;Buy ARC Raiders Items - Cheap Crafting Materials & Resources | misti.services;Looking for specific ARC Raiders materials? Get any resource from Common to Legendary delivered safely to your stash. Buy ARC Raiders items at misti.services to complete quests and upgrades fast. 24/7 Support.;Cheap ARC Raiders resources,ARC Raiders crafting materials,Buy ARC Raiders legendary items,ARC Raiders loot farm service,ARC Raiders quest items boost;
dbe672b1-3654-491f-bdbc-f174d61eea75;07c520b3-8bdc-454a-b2cd-3b5a388398b2;Leveling;leveling;;🏹;true;0;2025-12-29 22:46:17.235787+00;2025-12-29 22:46:17.235787+00;Path of Exile 2 Leveling Boost (1–100) | misti.services;Skip the PoE 2 grind. Self-play or piloted leveling to any level (up to 100), plus optional Ascendancy Trials & side quests. Fast & secure - misti.services;poe 2 leveling service, poe2 leveling boost, path of exile 2 leveling boost, path of exile 2 power leveling, poe 2 level boost, poe2 powerleveling, poe 2 fast leveling, poe 2 level 1 to 100, poe 2 level 100 boost, poe2 campaign skip, poe 2 endgame access, poe2 league leveling, poe2 standard leveling, poe 2 self play leveling, poe2 selfplay boost, poe 2 piloted leveling, poe2 pilot boost, poe 2 ascendancy trials, poe2 ascendancy trials done, poe 2 side quests, poe2 side quests completion, poe 2 acts completion, poe2 leveling carry, poe 2 leveling carry service, poe2 xp boost, poe 2 character leveling, poe2 leveling to endgame, poe 2 quick start, poe2 rush leveling, buy poe2 leveling, poe 2 safe leveling boost ;
82b5f114-f1d2-41a5-9f5a-d02323795dfc;07c520b3-8bdc-454a-b2cd-3b5a388398b2;Currency;currency;;🟡;true;1;2025-12-27 21:10:52.145063+00;2025-12-29 22:46:28.436298+00;Buy PoE 2 Currency | Cheap Divine Orbs & Gold | Fast Delivery;Buy Path of Exile 2 Currency with instant delivery. Cheap Divine Orbs, Chaos Orbs, and Gold for sale. Secure trade methods and price match guarantee.;Buy Divine Orbs PoE 2, PoE 2 Currency Shop, PoE 2 Chaos Orbs, Buy Exalted Orbs PoE 2, Safe PoE 2 RMT.;
542d3f01-5eb4-4572-bd18-75dea239ed84;a4dc8983-8370-4785-ac2a-66a0a06e1365;Raids;raids;;🌀;true;6;2026-01-10 20:42:24.571797+00;2026-01-10 20:42:24.571797+00;TBC Raid Boosts – All Burning Crusade Raids & Loot | misti.services;Buy TBC raid boosts for all Burning Crusade Classic raids. Full clears, Tier 4–6 loot, Kael’thas, Illidan & Mount drops. Fast, safe service at misti.services.;tbc raid boost, tbc raid carry, burning crusade raid boost, wow tbc raids, tbc classic raid boost, tbc classic raid carry, buy tbc raid boost, tbc full raid clear, tier 4 boost, tier 5 boost, tier 6 boost, karazhan boost, tempest keep boost, serpentshrine cavern boost, black temple boost, mount hyjal boost, illidan boost, kaelthas boost, ashes of alar boost, wow tbc anniversary raids;
4aafc243-7ee4-4ce1-9bd9-7f08e98d3b67;d6f04c15-fab2-4fd9-a790-c25cb529c517;Delves;delves;;⛏️;true;7;2025-10-28 19:04:07.629936+00;2026-01-28 10:23:43.1475+00;WoW Delves Boosting | Fast Clears and Rewards;Complete WoW Delves quickly and efficiently. Get rewards, progress, and unlocks without wasting time or failing runs.;wow delves boost, wow delves carry, wow delves service, wow delves clear, wow delves farming, wow delves fast clear, wow delves rewards, wow delves eu, wow delves na, wow delves piloted, wow delves safe boost, wow delves grind skip, wow delves completion, wow delves pro service, wow delves price, wow delves boosters, wow delves carry cheap, wow delves unlocks, wow delves runs, wow delves progression, wow delves service wow, wow delves endgame, wow delves pve, wow delves fast, wow delves team carry, wow delves loot, wow delves repeatable content, wow delves boost service, wow delves rewards boost;
6d33d7a2-0bcf-4ecb-9944-00fe3e779340;d6f04c15-fab2-4fd9-a790-c25cb529c517;Housing;housing;;🏡;true;10;2026-01-22 23:22:48.537958+00;2026-01-28 10:24:45.599493+00;WoW Housing Boost | Unlock Decor & Leveling | misti.services;Build your dream home in Azeroth with misti.services! Buy WoW Player Housing boost, fast leveling, and unlock exclusive furniture and decor. 24/7 Support.;wow housing boost, wow housing service, wow housing unlock, wow housing furnishings, wow player housing wow, wow housing decor, wow housing items, wow housing eu, wow housing na, wow housing piloted, wow housing safe boost, wow housing grind skip, wow housing rewards, wow housing pro service, wow housing price, wow housing boosters, wow housing carry cheap, wow housing customization, wow housing unlock service, wow housing decor boost, wow housing items unlock, wow housing content wow, wow housing fast unlock, wow housing service wow, wow housing furniture boost, wow housing completion, wow housing system boost, wow housing farm skip, wow housing upgrades;
31441b65-4762-40ea-b89f-9fd09aebe8ba;d6f04c15-fab2-4fd9-a790-c25cb529c517;PvP;pvp;;⚔️;true;4;2025-10-23 14:27:52.701194+00;2026-01-30 20:06:53.151258+00;WoW PvP Boosting | Arena, RBG and Rating Carries;Climb ratings fast with WoW PvP boosts. Arena, Solo Shuffle, and RBG carries by top PvP players safe and efficient.;wow pvp boost, wow arena carry, wow rating boost, wow pvp services, wow rbg carry, wow solo shuffle boost, wow arena rating boost, wow pvp eu, wow pvp na, wow gladiator boost, wow pvp piloted, wow pvp win boost, wow pvp gear boost, wow conquest cap boost, wow pvp carry safe, wow pvp pro players, wow arena coaching, wow pvp fast rating, wow pvp boost cheap, wow pvp rank boost, wow 2v2 carry, wow 3v3 carry, wow rbg rating boost, wow pvp weekly cap, wow elite pvp boost, wow pvp grind skip, wow pvp services pro, wow pvp season boost, wow pvp mmr boost;