id;name;slug;description;image_url;is_active;sort_order;created_at;updated_at;hero_image_url;hero_image_position;is_popular;icon_url;meta_title;meta_description;meta_keywords;og_image;game_platform;robots;canonical_url;product_bg_image_url
6222f4bc-0259-4adc-8df1-fbc333880cc6;Fellowship;fellowship-game-boost;;https://kdjlhibxxygfdmlvdfcl.supabase.co/storage/v1/object/public/game-images/0.5842207365773562.webp;true;3;2025-10-29 18:42:24.044266+00;2026-01-10 23:05:51.663261+00;https://kdjlhibxxygfdmlvdfcl.supabase.co/storage/v1/object/public/game-images/hero-0.0019304046346514392.webp;top;false;https://kdjlhibxxygfdmlvdfcl.supabase.co/storage/v1/object/public/game-images/icon-0.3724814707157986.webp;Fellowship Game Boost – Leveling, Dungeons & Gear | misti.se;Power up your hero in Fellowship with tailored boosting from misti.services. Fast leveling, dungeon carries, BIS gear farming and currency services.;fellowship boost, fellowship game boost, fellowship mmo boost, fellowship leveling boost, fellowship fast leveling, fellowship dungeon boost, fellowship raid carry, fellowship gear farm, fellowship bis gear, fellowship currency farm, fellowship gold boost, fellowship reputation farm, fellowship campaign boost, fellowship story carry, fellowship endgame boost, fellowship daily quests, fellowship weekly reset boost, fellowship alt leveling, fellowship profession boost, fellowship crafting boost, fellowship mount boost, fellowship cosmetic farm, fellowship achievement boost, fellowship trusted boosters, fellowship account services, fellowship power leveling, buy fellowship boost, cheap fellowship boost, safe fellowship boosting, fellowship coaching, fellowship group carry, fellowship loot run, fellowship boss kill boost;;PC;index,follow;;
ff62575b-0a1e-40bc-b489-fccdf5d67b39;Final Fantasy XIV;buy-final-fantasy-gil-and-boosting;;https://kdjlhibxxygfdmlvdfcl.supabase.co/storage/v1/object/public/game-images/0.8124181197089413.webp;true;0;2025-12-04 12:00:55.643282+00;2026-01-10 23:04:22.85713+00;https://kdjlhibxxygfdmlvdfcl.supabase.co/storage/v1/object/public/game-images/hero-0.027283891137336647.webp;top;false;https://kdjlhibxxygfdmlvdfcl.supabase.co/storage/v1/object/public/game-images/icon-0.3507000464549227.webp;Buy FFXIV Gil & Boosting Services | Final Fantasy XIV ;Buy safe FFXIV Gil and premium Final Fantasy XIV boosts at misti.services. Fast delivery, secure trades and expert power leveling so you can enjoy endgame.;ffxiv gil, buy ffxiv gil, final fantasy xiv gil, cheap ffxiv gil, safe ffxiv gil, ffxiv gil shop, ffxiv gil fast delivery, ffxiv boosting, ffxiv power leveling, ffxiv leveling boost, ffxiv 1 100 leveling, ffxiv dawntrail boost, ffxiv job boost, ffxiv job leveling, ffxiv roulette boost, ffxiv raid carry, ffxiv extreme trial boost, ffxiv savage raid carry, ffxiv mount farm, ffxiv glamour farm, ffxiv relic weapon boost, ffxiv tomestone farm, ffxiv crafting boost, ffxiv gathering boost, ffxiv market board gil, buy final fantasy xiv gil, final fantasy xiv boosting, ffxiv gil seller, ffxiv trusted boosting, ffxiv safe trade, ffxiv gil delivery, ffxiv currency service, ffxiv endgame boost;;PC;index,follow;;
d6f04c15-fab2-4fd9-a790-c25cb529c517;Midnight;wow;;https://kdjlhibxxygfdmlvdfcl.supabase.co/storage/v1/object/public/game-images/0.7699733990573533.webp;true;0;2025-10-21 11:57:02.031007+00;2026-02-03 11:01:35.032529+00;https://kdjlhibxxygfdmlvdfcl.supabase.co/storage/v1/object/public/game-images/hero-0.44869274962591155.webp;top;true;https://kdjlhibxxygfdmlvdfcl.supabase.co/storage/v1/object/public/game-images/icon-0.5259897709582192.webp;WoW Midnight Boosts, Raids & Leveling | misti.services;Skip the grind in WoW Midnight with expert WoW boosts from misti.services. Fast leveling, raids, Mythic+, PvP, reputations and gearing so you can enjoy.;buy wow midnight boost, wow boost midnight, wow midnight boosting service, wow midnight boost eu, wow midnight boost piloted, wow midnight wow boost, wow midnight carry boost, wow midnight leveling boost, wow midnight powerlevel boost, wow midnight fast leveling boost, wow midnight character boost, wow midnight alt leveling boost, wow midnight campaign boost, wow midnight mythic plus boost, wow midnight m+ boost, wow midnight keystone boost, wow midnight ksm boost, wow midnight dungeon boost, wow midnight raid boost, wow midnight heroic raid boost, wow midnight mythic raid boost, wow midnight weekly vault boost, wow midnight pvp boost, wow midnight arena boost, wow midnight rating boost, wow midnight rbg boost, wow midnight gear boost, wow midnight bis gear boost, wow midnight loot boost, wow midnight mount boost, wow midnight achievement boost, wow midnight title boost, wow midnight safe boost, wow midnight trusted boost, wow midnight pro boost, wow midnight cheap boost, wow midnight premium boost;;PC;index,follow;;
c1b9be6f-6c9a-4cfd-bd17-45756b1c7db6;Battlefield 6;buy-battlefield-6-boost;;https://kdjlhibxxygfdmlvdfcl.supabase.co/storage/v1/object/public/game-images/0.13173130414968737.webp;true;0;2025-10-31 20:09:37.475016+00;2025-12-06 10:15:15.667153+00;https://kdjlhibxxygfdmlvdfcl.supabase.co/storage/v1/object/public/game-images/hero-0.5267183446603427.webp;top;true;https://kdjlhibxxygfdmlvdfcl.supabase.co/storage/v1/object/public/game-images/icon-0.3819643996827017.webp;Battlefield 6 Boosting – Wins, Rank & Unlocks | misti.servic;Dominate Battlefield 6 with professional boosting from misti.services. Get more wins, higher rank, weapon unlocks and camo skins.;battlefield 6 boost, bf6 boost, battlefield 6 boosting service, battlefield 6 rank boost, battlefield 6 wins boost, battlefield 6 kd boost, battlefield 6 camo unlock, battlefield 6 weapon unlock boost, battlefield 6 assignment boost, battlefield 6 weekly missions, battlefield 6 account boost, battlefield 6 leveling service, battlefield 6 battle pass boost, battlefield 6 carry, battlefield 6 pro players, battlefield 6 lobbies, buy battlefield 6 boost, cheap battlefield 6 boosting, safe battlefield 6 boost, battlefield 6 squad boost, battlefield 6 stats boost, battlefield 6 sbmm help, battlefield 6 meta weapons, battlefield 6 fast progression, battlefield 6 xp farm, battlefield 6 challenges boost, battlefield 6 skin unlock boost, battlefield 6 coaching, battlefield 6 multiplayer boost, battlefield 6 ranked boost, battlefield 6 specialist unlock, battlefield 6 trusted boosting;;;index,follow;;
f92ccdc8-31da-462f-a130-12dc4de30bf5;Diablo IV;buy-diablo-iv-boost;;https://kdjlhibxxygfdmlvdfcl.supabase.co/storage/v1/object/public/game-images/0.263560870732642.webp;true;0;2025-11-02 23:28:22.084309+00;2025-12-06 10:20:42.062322+00;https://kdjlhibxxygfdmlvdfcl.supabase.co/storage/v1/object/public/game-images/hero-0.733769492743823.webp;bottom;false;https://kdjlhibxxygfdmlvdfcl.supabase.co/storage/v1/object/public/game-images/icon-0.35374525984576555.webp;Diablo IV Boosting – Leveling, Gear & Endgame Content;Crush demons in Diablo IV with professional boosting from misti.services. Fast leveling, World Tier unlocks, dungeon carries, gear farming and endgame content.;diablo 4 boost, diablo iv boost, diablo 4 boosting service, diablo 4 power leveling, diablo 4 1 100 boost, diablo 4 world tier boost, diablo 4 nightmare dungeon boost, diablo 4 pit boost, diablo 4 gear farm, diablo 4 item farming, diablo 4 unique farming, diablo 4 uber unique boost, diablo 4 boss carry, diablo 4 duriel boost, diablo 4 tormented bosses, diablo 4 gold farm, diablo 4 renown boost, diablo 4 seasonal boost, diablo 4 battle pass boost, diablo 4 campaign skip, diablo 4 alt leveling, diablo 4 glyph leveling, diablo 4 sigil farm, diablo 4 xp farm, buy diablo 4 boost, cheap diablo 4 boost, safe diablo 4 boosting, diablo 4 endgame carry, diablo iv services, diablo 4 trusted boosters, diablo 4 loot runs;;PC;index,follow;;
5133da2d-dd4b-4324-b050-9f31a2365561;Destiny: Rising;buy-destiny-rising-boost;;https://kdjlhibxxygfdmlvdfcl.supabase.co/storage/v1/object/public/game-images/0.796614283593153.webp;true;0;2025-11-02 19:46:56.315253+00;2025-12-06 10:21:17.786973+00;https://kdjlhibxxygfdmlvdfcl.supabase.co/storage/v1/object/public/game-images/hero-0.05167476403683724.webp;top;false;https://kdjlhibxxygfdmlvdfcl.supabase.co/storage/v1/object/public/game-images/icon-0.8111704281553915.webp;Destiny: Rising Boosting – Campaign and Powerleveling;Power up fast in Destiny: Rising with expert boosting from misti.services. Complete campaign, raise Power Level, unlock exotics and clear endgame activities.;destiny rising boost, destiny rising boosting, destiny rising campaign boost, destiny rising legendary campaign, destiny rising power level boost, destiny rising light level boost, destiny rising raid carry, destiny rising dungeon carry, destiny rising strike boost, destiny rising nightfall boost, destiny rising grandmaster boost, destiny rising exotic quest boost, destiny rising catalyst farm, destiny rising pinnacle rewards, destiny rising weekly reset boost, destiny rising seasonal boost, destiny rising battle pass boost, destiny rising pvp boost, destiny rising crucible boost, destiny rising trials boost, destiny rising gambit boost, destiny rising reputation farm, destiny rising quest completion, destiny rising account boost, buy destiny rising boost, cheap destiny rising boost, safe destiny rising boosting, destiny rising loot farm, destiny rising endgame carry, destiny rising fireteam service, destiny rising trusted boosters;;Mobile;index,follow;;
b082fef2-4bf0-4f3b-9adc-ecb212ee163a;Mists of Pandaria;wow-mistsofpandaria-classic;;https://kdjlhibxxygfdmlvdfcl.supabase.co/storage/v1/object/public/game-images/0.0865888052849193.webp;true;0;2025-10-30 20:24:37.327066+00;2025-12-23 21:04:29.388106+00;https://kdjlhibxxygfdmlvdfcl.supabase.co/storage/v1/object/public/game-images/hero-0.7427154683985817.webp;top;true;https://kdjlhibxxygfdmlvdfcl.supabase.co/storage/v1/object/public/game-images/icon-0.13204819190903305.webp;WoW Mists of Pandaria Classic Boosts & Leveling | misti.serv;Enjoy Pandaria without the grind. misti.services offers MoP Classic boosts for fast 1–90 leveling, raids, Challenge Modes, mounts and reputations.;mists of pandaria classic boost, mop classic boost, wow mop classic leveling, mop classic 1 90 boost, mop classic raid carry, mop classic challenge mode boost, mop classic dungeon boost, mop classic gearing service, mop classic pvp boost, mop classic arena carry, mop classic battleground boost, mop classic legendary cloak boost, mop classic reputation farm, mop classic tillers rep, mop classic golden lotus rep, mop classic timeless isle boost, mop classic mount boost, mop classic world boss carry, mop classic profession boost, mop classic farming service, buy mop classic boost, cheap mop classic boost, safe mop classic boosting, mop classic alt leveling, mop classic lfr carry, mop classic achievement boost, mop classic meta achievement, mop classic cape questline, mop classic scenarios boost, mop classic heroic raid carry, mop classic challenge gold, mop classic loot funnel, mop classic trusted boosters;;PC;index,follow;;
af6c57b3-f60a-4a1f-9778-39da81d86dda;Escape From Tarkov;escape-from-tarkov;;https://kdjlhibxxygfdmlvdfcl.supabase.co/storage/v1/object/public/game-images/0.794496382342418.webp;true;9;2025-12-05 13:28:30.58547+00;2025-12-21 18:07:10.177962+00;https://kdjlhibxxygfdmlvdfcl.supabase.co/storage/v1/object/public/game-images/hero-0.8024180717011297.webp;top;false;https://kdjlhibxxygfdmlvdfcl.supabase.co/storage/v1/object/public/game-images/icon-0.9562678189750792.webp;Escape From Tarkov Boosting – Quests, Roubles and Leveling;Survive Tarkov the easy way with EFT boosting from misti.services. Help with quests, rouble farming, trader reputation and Kappa progress.;escape from tarkov boost, eft boost, eft boosting service, escape from tarkov quest boost, eft task boost, eft quest carry, eft rouble farm, eft money farm, eft xp boost, eft power leveling, eft wipe start boost, eft flea market unlock, eft trader rep farm, eft kappa boost, eft kappa progress, eft hideout boost, eft scav karma farm, eft boss farm, eft labs carry, eft lighthouse carry, eft streets of tarkov carry, eft shoreline carry, eft customs carry, buy escape from tarkov boost, cheap eft boost, safe eft boosting, eft duo carry, eft raid help, eft weekly task boost, eft daily task boost, eft endgame account, eft trusted boosters;;PC;index,follow;;
980d33c6-eafa-4f90-a714-02a101dbb583;Classic Era;wow-classic-era;;https://kdjlhibxxygfdmlvdfcl.supabase.co/storage/v1/object/public/game-images/0.07745971868776091.webp;true;0;2025-10-26 11:55:54.076985+00;2026-02-14 00:39:05.914231+00;https://kdjlhibxxygfdmlvdfcl.supabase.co/storage/v1/object/public/game-images/hero-0.4491546299326016.png;top;true;https://kdjlhibxxygfdmlvdfcl.supabase.co/storage/v1/object/public/game-images/icon-0.963959353248617.webp;WoW Classic Era Boost & Leveling Services | misti.services;Looking for a WoW Classic Era boost? We provide expert leveling, PvP rank pushes, and full raid clears. Enjoy the best of Vanilla WoW with our reliable boosting;wow era boosting , wow classic era , wow classic vanilla , wow classic boost ;;PC;index,follow;;
343a0691-bfd7-46c8-8e37-3b7fe5194159;Arc Raiders;arc-raiders;;https://kdjlhibxxygfdmlvdfcl.supabase.co/storage/v1/object/public/game-images/0.14230067058278362.webp;true;9;2025-12-21 20:40:55.146514+00;2025-12-21 21:20:32.933735+00;https://kdjlhibxxygfdmlvdfcl.supabase.co/storage/v1/object/public/game-images/hero-0.2491268727935736.webp;center;false;https://kdjlhibxxygfdmlvdfcl.supabase.co/storage/v1/object/public/game-images/icon-0.4320456976686431.webp;Arc Raiders Boosting Service | Fast Carry & Power Leveling;Buy professional Arc Raiders boosting services. Get guaranteed extractions, fast power leveling, and rare blueprints. 100% safe, manual carry & 24/7 support.;Arc Raiders boosting, Arc Raiders carry, Arc Raiders service, Arc Raiders power leveling, Arc Raiders coins farm, buy Arc Raiders carry, Arc Raiders leveling service, Arc Raiders boosting service, Arc Raiders raid boost, Arc Raiders blueprint farm,Speranza reputation boost, Arc Raiders trader quests, Arc Raiders skill points farm, Arc Raiders weapon leveling, Scrappy the Rooster upgrade, Arc Raiders workshop leveling, Arc Raiders blueprints unlock, guaranteed extraction service, Dam Battlegrounds carry, Buried City loot farm, Spaceport raid boost, Stella Montis map boost,Safe Arc Raiders boost, manual gameplay, VPN protection, selfplay carry, piloted boosting, cheap Arc Raiders services, 24/7 support, expert raiders, fast delivery, no bots;;;index,follow;;
07c520b3-8bdc-454a-b2cd-3b5a388398b2;Path of Exile 2;path-of-exile-2;;https://kdjlhibxxygfdmlvdfcl.supabase.co/storage/v1/object/public/game-images/0.10607649689008614.webp;true;1;2025-12-27 21:07:32.992191+00;2026-01-10 23:06:25.02108+00;https://kdjlhibxxygfdmlvdfcl.supabase.co/storage/v1/object/public/game-images/hero-0.04585894661598977.webp;bottom;true;https://kdjlhibxxygfdmlvdfcl.supabase.co/storage/v1/object/public/game-images/icon-0.009423427679368546.webp;Buy PoE 2 Boosting & Currency | Cheap & Safe | misti.service;Get the best Path of Exile 2 boosting services. Buy cheap Divine Orbs, Power Leveling, and Boss Carries. 100% Safe, 24/7 Support, and Instant Start.;Buy PoE 2 Currency, PoE 2 Boosting, Cheap Divine Orbs, Path of Exile 2 Power Leveling, Buy PoE 2 Gold.;;Pc,Playstation,Xbox;index,follow;;
a4dc8983-8370-4785-ac2a-66a0a06e1365;WoW: TBC;wow-tbc-fresh;;https://kdjlhibxxygfdmlvdfcl.supabase.co/storage/v1/object/public/game-images/0.7258214225082923.webp;true;0;2025-11-09 12:27:08.763+00;2026-01-10 23:06:12.658893+00;https://kdjlhibxxygfdmlvdfcl.supabase.co/storage/v1/object/public/game-images/hero-0.2332369330584021.webp;center;true;https://kdjlhibxxygfdmlvdfcl.supabase.co/storage/v1/object/public/game-images/icon-0.01944167073246017.webp;WoW The Burning Crusade Classic Boosts & Carries;Return to Outland with zero grind. misti.services offers TBC Classic boosts for fast 1–70 leveling, Heroic dungeons, raid carries, reputations and epic mounts.;burning crusade boost, tbc classic boost, wow tbc fresh boost, tbc 1 70 leveling, tbc outland leveling boost, tbc heroic dungeon boost, tbc raid carry, tbc kara boost, tbc gruul magtheridon boost, tbc serpent shrine boost, tbc tempest keep boost, tbc black temple boost, tbc sunwell plateau boost, tbc reputation farm, tbc heroic key rep farm, tbc flying mount boost, tbc epic mount boost, tbc arena boost, tbc pvp boost, tbc battleground carry, tbc gearing service, tbc pre bis farm, tbc profession boost, tbc gold farming service, tbc attunement boost, tbc questline boost, tbc dungeon attunement, buy tbc classic boost, cheap tbc boost, safe tbc boosting, tbc trusted boosters, tbc fresh server boost, tbc anniversary realms boost;;Pc;index,follow;;