id;game_id;question;answer;sort_order;is_active;generated_by;created_at;updated_at
d014989f-8edb-4595-b82b-09b68276108e;c1b9be6f-6c9a-4cfd-bd17-45756b1c7db6;What Battlefield 6 boosting services does Misti.services offer?;Misti.services provides comprehensive boosting for Battlefield 6, including leveling services to quickly increase your rank, Battle Royale wins to dominate the competition, and Gauntlet Wins to conquer challenging game modes.;0;true;ai;2025-12-06 10:23:53.523707+00;2025-12-06 10:23:53.523707+00
67747dc5-3bb4-49b3-a12c-e07775c20762;c1b9be6f-6c9a-4cfd-bd17-45756b1c7db6;How do you ensure the safety and security of my Battlefield 6 account during boosting?;We prioritize your account's safety by employing experienced and vetted boosters who use secure methods. We do not use cheats or hacks, ensuring your account remains in good standing and protected from bans.;1;true;ai;2025-12-06 10:23:53.523707+00;2025-12-06 10:23:53.523707+00
de9511e2-ab04-4946-a446-ee573c91325d;c1b9be6f-6c9a-4cfd-bd17-45756b1c7db6;What are the typical delivery times for Battlefield 6 boosting services?;Delivery times vary depending on the specific service and desired progression, but we always strive for efficient and timely completion. You can often track the progress of your order in real-time.;2;true;ai;2025-12-06 10:23:53.523707+00;2025-12-06 10:23:53.523707+00
d7e0368f-f0f5-47e6-a3fd-d7b8eb8c5320;c1b9be6f-6c9a-4cfd-bd17-45756b1c7db6;Are your Battlefield 6 boosting services compatible with all platforms?;Our Battlefield 6 boosting services are designed to be compatible with all major gaming platforms where Battlefield 6 is available. Please specify your platform when placing an order for seamless service.;3;true;ai;2025-12-06 10:23:53.523707+00;2025-12-06 10:23:53.523707+00
38abf66f-f353-40e7-8e73-ab2cef8bed4f;c1b9be6f-6c9a-4cfd-bd17-45756b1c7db6;What payment methods are accepted for Battlefield 6 boosting?;We accept a wide range of secure payment methods for your convenience. You can typically pay using major credit cards, PayPal, and other popular online payment solutions.;4;true;ai;2025-12-06 10:23:53.523707+00;2025-12-06 10:23:53.523707+00
bbb4a409-fb14-41a5-a0e3-235d998ae3ed;5133da2d-dd4b-4324-b050-9f31a2365561;What Destiny: Rising boosting services does misti.services offer?;misti.services provides comprehensive boosting for Destiny: Rising on mobile, including efficient Main Story Quest completion and rapid Power Leveling to help you progress quickly through the game.;0;true;ai;2025-12-06 10:24:01.971137+00;2025-12-06 10:24:01.971137+00
f6a90b94-c929-48f6-8d3f-c9bb2eaf743b;5133da2d-dd4b-4324-b050-9f31a2365561;How do you ensure the safety and security of my account during Destiny: Rising boosting?;We prioritize your account's safety. Our Destiny: Rising boosters use secure methods and VPNs to protect your account during the boosting process, ensuring your information remains confidential and secure.;1;true;ai;2025-12-06 10:24:01.971137+00;2025-12-06 10:24:01.971137+00
21e7d070-cf46-421e-8c08-99b9584858f3;5133da2d-dd4b-4324-b050-9f31a2365561;Is Destiny: Rising boosting available for all mobile devices?;Yes, our Destiny: Rising boosting services are fully compatible with all mobile devices where the game is available. We ensure a seamless boosting experience regardless of your mobile platform.;2;true;ai;2025-12-06 10:24:01.971137+00;2025-12-06 10:24:01.971137+00
0e4c9847-d4a3-4363-b762-bc8c02c422d1;5133da2d-dd4b-4324-b050-9f31a2365561;What are the typical delivery times for Destiny: Rising leveling and main story boosts?;Delivery times for Destiny: Rising services vary based on the specific boost requested, but we always strive for efficient completion. You can find estimated delivery times on each service's detailed page.;3;true;ai;2025-12-06 10:24:01.971137+00;2025-12-06 10:24:01.971137+00
0e866c8e-61dc-4a2e-bd05-13cb2ef51ed5;5133da2d-dd4b-4324-b050-9f31a2365561;Can I trust misti.services to unlock valuable exotics and clear endgame activities in Destiny: Rising?;Absolutely! Our expert boosters are highly experienced in Destiny: Rising and are dedicated to helping you unlock desired exotics and clear challenging endgame content, ensuring you get the most out of your game.;4;true;ai;2025-12-06 10:24:01.971137+00;2025-12-06 10:24:01.971137+00
d80acf56-8af1-4852-8ad2-a6dc057d2c28;f92ccdc8-31da-462f-a130-12dc4de30bf5;What Diablo IV boosting services does misti.services offer for PC players?;misti.services provides a comprehensive range of Diablo IV boosting services tailored for PC, including fast power leveling, efficient dungeon carries, World Tier unlocks, targeted gear farming, and assistance with various endgame activities. We cover everything from Bosses and Items to custom Builds and Currency farming, ensuring your character progresses effectively.;0;true;ai;2025-12-06 10:24:30.774152+00;2025-12-06 10:24:30.774152+00
ea9d18cf-9efc-4da7-89b0-cd0e605cf8df;f92ccdc8-31da-462f-a130-12dc4de30bf5;How does misti.services ensure the safety and security of my Diablo IV account during boosting?;Account safety is our top priority. We use secure methods and professional boosters to ensure your Diablo IV account remains protected throughout the service. We do not use any third-party software or bots, and all boosting is done by hand.;1;true;ai;2025-12-06 10:24:30.774152+00;2025-12-06 10:24:30.774152+00
4a486002-94e9-4e23-b5c9-335b1f006dc3;f92ccdc8-31da-462f-a130-12dc4de30bf5;Can I get help with specific Diablo IV endgame content like Nightmare Dungeons or Helltides?;Absolutely! Our Diablo IV services extend to all challenging endgame content. Whether you need assistance with high-tier Nightmare Dungeons, efficient Helltide farming, or conquering World Bosses, our boosters are ready to help you achieve your in-game goals and acquire valuable rewards.;2;true;ai;2025-12-06 10:24:30.774152+00;2025-12-06 10:24:30.774152+00
6c27ce29-a5a9-41e4-a654-a4666a30a22d;f92ccdc8-31da-462f-a130-12dc4de30bf5;What kind of gear and item farming services are available for Diablo IV on PC?;Our Diablo IV item farming services for PC are designed to help you acquire the best gear. We offer targeted farming for specific unique items, legendary aspects, and ancestral gear to optimize your character's build and increase your power, saving you countless hours of grinding.;3;true;ai;2025-12-06 10:24:30.774152+00;2025-12-06 10:24:30.774152+00
3dc79ddd-7d9d-4cf3-9e8c-dd28642adb75;f92ccdc8-31da-462f-a130-12dc4de30bf5;What is the typical delivery time for Diablo IV boosting services, and how will I know when it's complete?;Delivery times for Diablo IV boosting services vary depending on the specific service requested, but we always aim for efficiency and speed. Once your order is placed, you'll receive an estimated completion time and regular updates. You'll be notified immediately upon completion of your service.;4;true;ai;2025-12-06 10:24:30.774152+00;2025-12-06 10:24:30.774152+00
fb5b73ad-94ec-4841-b88b-84b619743aaf;af6c57b3-f60a-4a1f-9778-39da81d86dda;What kind of Escape From Tarkov (EFT) services do you offer?;We provide a variety of EFT boosting services to help you survive Tarkov with ease. This includes assistance with quest completion, efficient rouble farming, improving trader reputation, and progressing towards the elusive Kappa container.;0;true;ai;2025-12-06 10:24:37.183127+00;2025-12-06 10:24:37.183127+00
686f5ee4-2c3a-42b8-9f8f-2fbc93f947e6;af6c57b3-f60a-4a1f-9778-39da81d86dda;How do you ensure the safety and security of my Escape From Tarkov account?;Account safety is our top priority. Our experienced boosters use secure methods and VPNs to protect your account during the boosting process, ensuring a secure and discreet experience while avoiding any red flags from BattleEye.;1;true;ai;2025-12-06 10:24:37.183127+00;2025-12-06 10:24:37.183127+00
2f44fbad-c5aa-41e0-8e9e-9179050318c3;af6c57b3-f60a-4a1f-9778-39da81d86dda;What is the typical delivery time for Escape From Tarkov boosting services?;Delivery times for EFT services vary depending on the specific package and your current progression. We strive for efficient completion and will provide an estimated timeframe upon order confirmation, keeping you updated throughout the process.;2;true;ai;2025-12-06 10:24:37.183127+00;2025-12-06 10:24:37.183127+00
a77b04c4-4eff-4677-85da-c9243ef857e5;af6c57b3-f60a-4a1f-9778-39da81d86dda;Are your Escape From Tarkov services compatible with all PC setups?;Yes, our Escape From Tarkov boosting services are designed for the PC platform, which is the only platform EFT is available on. You just need to have the game installed and be ready to provide your account details for us to begin.;3;true;ai;2025-12-06 10:24:37.183127+00;2025-12-06 10:24:37.183127+00
409bcc03-8235-48e6-82d7-3e01de54f5ee;af6c57b3-f60a-4a1f-9778-39da81d86dda;What payment methods are accepted for Escape From Tarkov boosting?;We offer a range of secure payment methods for our Escape From Tarkov services, including major credit cards, PayPal, and various cryptocurrencies. All transactions are processed securely to ensure your financial information is protected.;4;true;ai;2025-12-06 10:24:37.183127+00;2025-12-06 10:24:37.183127+00
8e82d5ae-2260-4c5b-a5d8-570f6f3b08cb;6222f4bc-0259-4adc-8df1-fbc333880cc6;What Fellowship boosting services does misti.services offer?;misti.services provides comprehensive boosting for Fellowship, including fast leveling, efficient dungeon carries, Best in Slot (BiS) gear farming, and currency services. We also offer specialized services like Hero Talents, Relics, Quartermaster Tokens, Fellowship Item Level, Adventures, and Quickplay Games boosts to power up your PC hero.;0;true;ai;2025-12-06 10:24:46.841141+00;2025-12-06 10:24:46.841141+00
4fa6428f-e66d-4ba0-8c3d-fe0ffe5fdb43;6222f4bc-0259-4adc-8df1-fbc333880cc6;How do you ensure the safety and security of my Fellowship account during boosting?;Account security is our top priority. We use secure and proven methods for all Fellowship boosting services, including VPN protection and offline mode. Our professional boosters are vetted and operate with the utmost discretion to ensure your account remains safe and protected throughout the process.;1;true;ai;2025-12-06 10:24:46.841141+00;2025-12-06 10:24:46.841141+00
6c8e254c-7dd3-4252-99fb-c7c914512a73;6222f4bc-0259-4adc-8df1-fbc333880cc6;What is the typical delivery time for Fellowship boosting services?;Delivery times for Fellowship boosts vary depending on the service complexity and your specific requirements. We always strive for prompt completion and provide estimated delivery times upfront. You can contact our support for a more precise timeline for your chosen Fellowship service.;2;true;ai;2025-12-06 10:24:46.841141+00;2025-12-06 10:24:46.841141+00
3e306b1b-a528-4366-b34b-6a598c72eccb;6222f4bc-0259-4adc-8df1-fbc333880cc6;Are your Fellowship boosting services compatible with all PC servers and regions?;Yes, miisti.services offers Fellowship boosting compatible with all PC servers and regions. Our global team of boosters ensures that no matter where you play Fellowship, we can provide efficient and reliable service tailored to your specific server.;3;true;ai;2025-12-06 10:24:46.841141+00;2025-12-06 10:24:46.841141+00
d1f4e315-313f-4c77-94ed-fba431677cc2;6222f4bc-0259-4adc-8df1-fbc333880cc6;What payment methods are accepted for Fellowship boosting services?;We offer a variety of secure payment methods to make your Fellowship boosting experience as convenient as possible. You can pay using major credit cards, PayPal, and other popular online payment solutions. All transactions are processed securely to protect your financial information.;4;true;ai;2025-12-06 10:24:46.841141+00;2025-12-06 10:24:46.841141+00
fb45aa7c-5176-414d-95cb-66563a5b748c;ff62575b-0a1e-40bc-b489-fccdf5d67b39;What Final Fantasy XIV services does misti.services offer?;misti.services provides a variety of FFXIV services for PC players, including safe Gil purchases to enhance your in-game wealth and premium power leveling boosts to help you reach endgame content faster. Our expert team ensures efficient and secure progression for your character.;0;true;ai;2025-12-06 10:24:53.340312+00;2025-12-06 10:24:53.340312+00
ec961cb0-2507-4ed3-887e-f419d2286fe8;ff62575b-0a1e-40bc-b489-fccdf5d67b39;How do you ensure the safety and security of my FFXIV account during power leveling?;Account safety is our top priority. We utilize secure methods and experienced boosters to ensure your Final Fantasy XIV account is protected during all power leveling services. Our processes are designed to minimize risk and maintain the integrity of your account.;1;true;ai;2025-12-06 10:24:53.340312+00;2025-12-06 10:24:53.340312+00
3ba7be23-dc28-4b56-aa78-039620b9fa3e;ff62575b-0a1e-40bc-b489-fccdf5d67b39;What is the typical delivery time for FFXIV Gil purchases and boosting services?;We pride ourselves on fast delivery for all Final Fantasy XIV services. Gil purchases are typically delivered swiftly, and boosting services are commenced promptly to get you back into Eorzea enjoying your progress as soon as possible.;2;true;ai;2025-12-06 10:24:53.340312+00;2025-12-06 10:24:53.340312+00
ca275eea-bd5f-4465-89f8-faf86a0ebf5e;ff62575b-0a1e-40bc-b489-fccdf5d67b39;Are your FFXIV Gil and boosting services compatible with the PC version of Final Fantasy XIV?;Yes, all of our Final Fantasy XIV services, including Gil sales and power leveling, are specifically designed for and fully compatible with the PC version of the game. We ensure a seamless experience for all PC players.;3;true;ai;2025-12-06 10:24:53.340312+00;2025-12-06 10:24:53.340312+00
d366e0cf-8676-44db-8c40-86fe31e65737;ff62575b-0a1e-40bc-b489-fccdf5d67b39;What payment methods are accepted for Final Fantasy XIV services like Gil and boosts?;We offer a range of secure and convenient payment methods for your FFXIV Gil and boosting service purchases. You can find a complete list of accepted payment options during the checkout process on our website, ensuring flexibility and ease for all customers.;4;true;ai;2025-12-06 10:24:53.340312+00;2025-12-06 10:24:53.340312+00
ce1a5bb6-046e-4d55-9ec6-870f200b1cd3;b082fef2-4bf0-4f3b-9adc-ecb212ee163a;What kind of WoW Mists of Pandaria Classic services does misti.services offer?;misti.services provides a comprehensive range of boosting services for WoW MoP Classic, including fast 1-90 leveling, Challenge Modes, raids, dungeons, gear farming, PvP, achievements, mount acquisition, reputation grinding, and profession leveling to help you enjoy Pandaria without the grind.;0;true;ai;2025-12-06 10:25:14.049524+00;2025-12-06 10:25:14.049524+00
fb67bd0e-5399-48c7-8502-0b14dd4ae751;b082fef2-4bf0-4f3b-9adc-ecb212ee163a;How safe is my account when using your MoP Classic boosting services?;Account security is our top priority. We employ experienced boosters who use secure methods, including VPNs, to protect your account during all MoP Classic services. We guarantee a safe and discreet boosting experience.;1;true;ai;2025-12-06 10:25:14.049524+00;2025-12-06 10:25:14.049524+00
b4617c89-5e80-45d1-88a0-b8691adc40ca;b082fef2-4bf0-4f3b-9adc-ecb212ee163a;What is the typical delivery time for MoP Classic boosts?;Delivery times for MoP Classic boosts vary depending on the specific service. Leveling boosts are typically completed quickly, while raids or Challenge Modes may take longer. We always aim to complete services efficiently and will provide an estimated timeframe upfront.;2;true;ai;2025-12-06 10:25:14.049524+00;2025-12-06 10:25:14.049524+00
c40da5c7-43ec-465e-b981-1241b0ab18a6;b082fef2-4bf0-4f3b-9adc-ecb212ee163a;Are your WoW MoP Classic services compatible with all PC servers and regions?;Yes, our WoW MoP Classic boosting services are compatible with all PC servers and regions. We have a team of dedicated boosters ready to assist players globally, ensuring you can access our services regardless of your location or server.;3;true;ai;2025-12-06 10:25:14.049524+00;2025-12-06 10:25:14.049524+00
c8448fd6-6e9f-4d3b-bb6e-be479f665d19;b082fef2-4bf0-4f3b-9adc-ecb212ee163a;What payment methods are accepted for WoW Mists of Pandaria Classic services?;We accept a variety of secure payment methods for your convenience when purchasing MoP Classic boosts. This includes major credit cards, PayPal, and other popular online payment solutions. All transactions are processed securely to ensure your financial information is protected.;4;true;ai;2025-12-06 10:25:14.049524+00;2025-12-06 10:25:14.049524+00
19f97049-04b0-427a-bfa7-816e22a5b07b;a4dc8983-8370-4785-ac2a-66a0a06e1365;What WoW TBC Classic boosting services does misti.services offer?;We offer a comprehensive range of services for WoW: The Burning Crusade Classic, including lightning-fast 1-70 leveling, Heroic dungeon carries, raid assistance, reputation grinding, gearing, professions, and the acquisition of epic mounts. Our goal is to help you experience Outland without the grind.;0;true;ai;2025-12-06 10:25:39.254923+00;2025-12-06 10:25:39.254923+00
23bf8661-a40b-4e86-8ba4-5a862a0d2c27;a4dc8983-8370-4785-ac2a-66a0a06e1365;How do you ensure the safety and security of my WoW TBC Classic account during a boost?;Account security is our top priority. We utilize premium VPNs matching your location and employ experienced, verified boosters who adhere to strict security protocols to safeguard your account throughout the boosting process. We never use bots or exploits.;1;true;ai;2025-12-06 10:25:39.254923+00;2025-12-06 10:25:39.254923+00
e35af02c-1843-4b2e-b947-5cf5ba40ed06;a4dc8983-8370-4785-ac2a-66a0a06e1365;What is the typical delivery time for WoW TBC Classic leveling and other services?;Delivery times vary depending on the specific service requested and its complexity. For instance, 1-70 leveling has an estimated completion time, which will be communicated at the time of purchase. We strive for efficient and timely completion of all WoW TBC Classic boosts.;2;true;ai;2025-12-06 10:25:39.254923+00;2025-12-06 10:25:39.254923+00
c3a3374e-1aa7-43f1-aa0a-7ecfac017834;a4dc8983-8370-4785-ac2a-66a0a06e1365;What payment methods are accepted for WoW TBC Classic boosting services?;We offer a variety of secure and convenient payment options to make purchasing your WoW TBC Classic services easy. You can typically pay with major credit cards, PayPal, and other popular online payment processors, ensuring a smooth transaction.;4;true;ai;2025-12-06 10:25:39.254923+00;2025-12-06 10:25:39.254923+00
d6d53501-cfe8-45d5-95c9-d9685cc12d8c;343a0691-bfd7-46c8-8e37-3b7fe5194159;What Arc Raiders boosting services do you offer?;We provide a variety of Arc Raiders boosting services, including fast power leveling to help you quickly reach max level and guaranteed extractions for valuable loot. We also help you acquire rare blueprints to enhance your gameplay.;0;true;ai;2025-12-21 21:12:13.463432+00;2025-12-21 21:12:13.463432+00
433606af-7305-4ad6-b701-5637b07aa9a6;343a0691-bfd7-46c8-8e37-3b7fe5194159;How do you ensure the safety and security of my Arc Raiders account?;Account safety is our top priority. All our Arc Raiders boosting services are performed manually, without the use of bots or cheats, ensuring 100% safety and compliance with game rules. We also implement strict data protection measures to safeguard your information.;1;true;ai;2025-12-21 21:12:13.463432+00;2025-12-21 21:12:13.463432+00
8609450c-ed4e-4c29-9135-2106d293f9a7;343a0691-bfd7-46c8-8e37-3b7fe5194159;What platforms are your Arc Raiders services compatible with?;Our Arc Raiders boosting services are designed to be compatible with all platforms that the game is available on. Regardless of where you play, we can assist you with your in-game goals.;2;true;ai;2025-12-21 21:12:13.463432+00;2025-12-21 21:12:13.463432+00
514a3cf7-3bd7-4d8c-ab92-8bb65b1cb7d3;343a0691-bfd7-46c8-8e37-3b7fe5194159;How long does it take to complete an Arc Raiders power leveling order?;The duration of Arc Raiders power leveling depends on your current level and desired level, but we strive for efficient and timely completion. Our 24/7 support team can provide a more precise estimate based on your specific needs.;3;true;ai;2025-12-21 21:12:13.463432+00;2025-12-21 21:12:13.463432+00
8b7ed018-7032-4644-b084-096d42ebf93f;343a0691-bfd7-46c8-8e37-3b7fe5194159;What payment methods do you accept for Arc Raiders boosting services?;We offer a wide range of secure payment methods for your convenience when purchasing Arc Raiders boosting services. You can choose from popular options like credit cards, PayPal, and other trusted online payment gateways.;4;true;ai;2025-12-21 21:12:13.463432+00;2025-12-21 21:12:13.463432+00
9403599c-f755-4929-a264-0d60e6e23105;07c520b3-8bdc-454a-b2cd-3b5a388398b2;What types of Path of Exile 2 services do you offer?;We offer a comprehensive range of Path of Exile 2 services, including boosting for various activities, the purchase of cheap Divine Orbs, efficient power leveling, and reliable boss carries. Our goal is to enhance your gaming experience.;0;true;ai;2025-12-27 21:08:06.113217+00;2025-12-27 21:08:06.113217+00
1f0e1f4b-6a6b-463b-b099-05ca7ec0d4e1;07c520b3-8bdc-454a-b2cd-3b5a388398b2;How do you ensure the safety and security of my Path of Exile 2 account?;Account safety is our top priority. We utilize secure and discreet methods for all our Path of Exile 2 services to ensure your account remains protected throughout the process. Our 100% safe practices are designed to prevent any risks.;1;true;ai;2025-12-27 21:08:06.113217+00;2025-12-27 21:08:06.113217+00
0b11f418-fc68-404e-8f48-d566982abcfd;07c520b3-8bdc-454a-b2cd-3b5a388398b2;What platforms are your Path of Exile 2 services available on?;Our Path of Exile 2 services are available across all major platforms: PC, PlayStation, and Xbox. This ensures that no matter where you play, you can access our top-tier boosting and item services.;2;true;ai;2025-12-27 21:08:06.113217+00;2025-12-27 21:08:06.113217+00
11440413-0797-44a3-bca8-a385b9306839;07c520b3-8bdc-454a-b2cd-3b5a388398b2;How quickly can I expect delivery of my Path of Exile 2 order?;We pride ourselves on efficiency and offer instant start for many of our Path of Exile 2 services. Delivery times are typically very fast, and our 24/7 support team is always available to provide updates and ensure a smooth process.;3;true;ai;2025-12-27 21:08:06.113217+00;2025-12-27 21:08:06.113217+00
9b1df40c-7f32-4928-9c13-710d8f7764d7;07c520b3-8bdc-454a-b2cd-3b5a388398b2;What payment methods are accepted for Path of Exile 2 services?;We accept a variety of secure payment methods for your convenience when purchasing Path of Exile 2 services. All transactions are processed safely to give you peace of mind with every order.;4;true;ai;2025-12-27 21:08:06.113217+00;2025-12-27 21:08:06.113217+00
75f6aa1a-808c-4bd0-92aa-2f1161f37690;a4dc8983-8370-4785-ac2a-66a0a06e1365;Can I choose the time when my boost should be completed?;Of course! We can adjust the timing of your order completion to fit your schedule and preferences. ;3;true;ai;2025-12-06 10:25:39.254923+00;2026-01-10 20:38:11.580694+00
2c1faf5e-f8b3-4bd1-b64e-b1f63886a814;980d33c6-eafa-4f90-a714-02a101dbb583;What kind of Classic Era boosting services do you offer for PC?;We offer a comprehensive range of boosting services for WoW Classic Era on PC, including efficient leveling, powerful gear acquisition, crucial attunements, reputation grinding, PvP rank pushes, rare mount farming, and profession leveling to enhance your gameplay.;0;true;ai;2026-01-14 21:53:19.203106+00;2026-01-14 21:53:19.203106+00
9c6f5f95-aa08-4732-a747-3f5c8e389834;980d33c6-eafa-4f90-a714-02a101dbb583;How do you ensure the safety and security of my account during a Classic Era boost?;Account security is our top priority. We use secure VPNs matching your location and employ experienced, professional boosters who adhere to strict privacy protocols, ensuring your account information and character remain safe throughout the Classic Era boosting process.;1;true;ai;2026-01-14 21:53:19.203106+00;2026-01-14 21:53:19.203106+00
fc1047f1-f03e-4673-85a9-fb33a1ba72e2;980d33c6-eafa-4f90-a714-02a101dbb583;What is the typical delivery time for Classic Era leveling or gear boosting services?;Delivery times for Classic Era services vary depending on the specific boost and its complexity. We provide estimated delivery times upfront, and our efficient boosting teams work diligently to complete your order as quickly as possible while maintaining high quality and security standards.;2;true;ai;2026-01-14 21:53:19.203106+00;2026-01-14 21:53:19.203106+00
3e73f70a-743d-4483-8a7e-553d63b11781;980d33c6-eafa-4f90-a714-02a101dbb583;Can I get a custom Classic Era boosting package if I don't see exactly what I need?;Absolutely! If our standard Classic Era boosting packages don't perfectly align with your needs, please contact us. We're happy to create a custom order tailored to your specific requirements, whether it's a unique combination of services or a specific progression goal.;3;true;ai;2026-01-14 21:53:19.203106+00;2026-01-14 21:53:19.203106+00
daea42b9-f5d3-4629-b2bd-e9f2db9f7b63;980d33c6-eafa-4f90-a714-02a101dbb583;What payment methods are accepted for Classic Era boosting services?;We accept a variety of secure payment methods for your Classic Era boosting purchases, including major credit cards and popular online payment platforms. All transactions are processed through encrypted gateways to ensure your financial information is protected.;4;true;ai;2026-01-14 21:53:19.203106+00;2026-01-14 21:53:19.203106+00
8e188b1e-24e0-4797-a672-9a2df3ed1cf1;d6f04c15-fab2-4fd9-a790-c25cb529c517;How do you ensure the safety and security of my account during a Midnight boost?;Account security is our top priority. We use secure VPNs, employ experienced and verified boosters, and utilize strict protocols to ensure your WoW Midnight account remains safe and protected throughout the boosting process. We never use bots or exploits.;1;true;ai;2026-01-28 19:38:14.178511+00;2026-01-28 19:38:14.178511+00
51766997-34fb-4cf9-8052-ccbf8206d37b;d6f04c15-fab2-4fd9-a790-c25cb529c517;What kind of WoW Midnight boosting services do you offer?;We offer a comprehensive range of boosting services for WoW Midnight , including fast leveling, gearing, Mythic+, Raids, PvP, reputation grinding, achievements, and more. Our goal is to help you skip the grind and enjoy the best parts of Midnight.;0;true;ai;2026-01-28 19:38:14.178511+00;2026-01-28 19:39:27.960901+00
e46ae123-1487-4305-af74-59f7b23df980;d6f04c15-fab2-4fd9-a790-c25cb529c517;What is the typical delivery time for Midnight boosting services?;Delivery times vary depending on the specific WoW Midnight service and its complexity. However, we strive for efficient and timely completion. You can find estimated delivery times on each service page, and we keep you updated throughout the process.;2;true;ai;2026-01-28 19:38:14.178511+00;2026-01-28 19:38:14.178511+00
e64757cb-23e7-4da0-9338-ed1dae7b8c06;d6f04c15-fab2-4fd9-a790-c25cb529c517;What payment methods do you accept for WoW Midnight services?;We accept a variety of secure payment methods for your convenience, including major credit cards and popular online payment platforms. All transactions are encrypted to ensure your financial information is protected when purchasing WoW Midnight boosts.;4;true;ai;2026-01-28 19:38:14.178511+00;2026-01-28 19:38:14.178511+00
79003d13-68e6-4488-970a-e33224fac02e;d6f04c15-fab2-4fd9-a790-c25cb529c517;Can I use your WoW Midnight boosting services on any server?;Yes, our WoW Midnight boosting services are compatible with all servers. Our professional boosters are adept at navigating different server environments to deliver your desired service efficiently and securely.;3;true;ai;2026-01-28 19:38:14.178511+00;2026-01-28 19:39:07.302687+00