id;order_id;product_id;product_name;quantity;unit_price;selected_options;created_at
e0bfa564-9e8c-463a-bc8c-3ce6522dfc00;c400c30b-2b83-48bd-8d8d-0a59d0c9e486;58aad526-c357-4a77-9ead-c9b83004fdf9;TBC Powerleveling;1;0.00;"{""bmtbv"":""Pilot"",""expresslvl"":""30% Faster"",""slider_end"":70,""slider_range"":""Start Value: 60 - End Value: 70"",""slider_start"":60,""tbclvlreg"":""NA""}";2025-11-23 21:14:05.643067+00
f56ee100-3219-4ade-82c2-e189cce5ae71;b0c9226d-00c4-4aa3-8b51-e1e9fe4dabae;41bf4151-4d2d-4f49-b454-b53abbd5b706;Prepatch Leveling;1;0.00;"{""bmprepatch"":""Pilot"",""prepatchclass"":""Paladin"",""regprepatch"":""NA"",""slider_end"":60,""slider_range"":""Start Level: 1 - End Level: 60"",""slider_start"":1}";2025-11-25 22:29:43.459676+00
c643c576-dcb1-4cd9-845b-2e45728b9aea;f0163817-3420-4f06-bd71-32cfd51ea5e0;;Custom product;1;240.00;{};2025-11-28 19:11:05.765505+00
69ad5054-d869-48ed-a6ec-98866e9d12b7;86e06b21-39c4-4863-9502-23a8b3a1bacd;58aad526-c357-4a77-9ead-c9b83004fdf9;TBC Powerleveling;1;0.00;"{""slider_end"":70,""slider_range"":""Start Level: 60 - End Level: 70"",""slider_start"":60}";2025-12-03 15:35:58.937205+00
72dcf53c-923c-456f-94f0-f376b0f564b6;36990931-5ee5-4c50-9084-599d99f9efe2;35b15c72-384e-479b-9347-4d9e6d3e9ff9;Keystone Legend (KSL) Season 3;1;103.55;{};2025-12-07 07:13:25.503135+00
a9ed8dc8-cbde-4387-8c38-577fb16544f2;ed87f7e8-995c-47dd-b97e-b59bd056d157;41bf4151-4d2d-4f49-b454-b53abbd5b706;Prepatch Leveling;1;0.00;"{""bmprepatch"":""Pilot"",""prepatchclass"":""Shaman"",""regprepatch"":""EU"",""slider_end"":60,""slider_range"":""Start Level: 1 - End Level: 60"",""slider_start"":1}";2025-12-09 08:39:30.767997+00
cfc6fd9c-238d-46cc-b73d-c3add163f428;9e202651-0b1c-4dca-918d-29ac464589f3;58aad526-c357-4a77-9ead-c9b83004fdf9;TBC Powerleveling;1;0.00;"{""bmtbv"":""Pilot"",""classtbc"":""Rogue"",""expresslvl"":""Standard Speed"",""slider_end"":70,""slider_range"":""Start Level: 60 - End Level: 70"",""slider_start"":60,""tbclvlreg"":""NA""}";2025-12-10 18:48:35.178078+00
1c7863bb-835c-4361-9df6-aea2a9fc5747;b929162a-8e36-4477-8ab4-56462f9882ab;95ff4f94-2563-4b9e-8705-e3733f773863;Classic Fresh Gold;1;0.00;"{""factiongold"":""Horde"",""serverid"":""EU Spineshatter – PvP"",""slider_config"":""Amount of Gold: 1000"",""slider_value"":1000}";2025-12-13 11:53:56.914822+00
9500b4ee-8d05-4410-af20-f3b06c884ce7;42eb5b9e-3f89-4134-9aff-ee1649457777;4bbdb6e1-0137-459f-8b83-628d7f017273;WoW Fresh Power Leveling;1;0.00;"{""slider_end"":60,""slider_range"":""Start Level: 1 - End Level: 60"",""slider_start"":1}";2025-12-15 22:40:12.38025+00
16c7dea9-465b-439f-8c42-44f435fe6641;08cba4de-df23-4e65-843d-2b379e1d47a8;4bbdb6e1-0137-459f-8b83-628d7f017273;WoW Fresh Power Leveling;1;0.00;"{""boost"":""Pilot"",""slider_end"":60,""slider_range"":""Start Level: 12 - End Level: 60"",""slider_start"":12,""speedlvl"":""Normal Speed""}";2025-12-21 06:36:05.678319+00
897cb0d6-8bd6-46fd-bf25-e8097bfe42c7;52c87e9c-6eab-4f61-a471-224e73a10259;58aad526-c357-4a77-9ead-c9b83004fdf9;TBC Powerleveling;1;0.00;"{""slider_end"":70,""slider_range"":""Start Level: 60 - End Level: 70"",""slider_start"":60}";2025-12-22 22:31:04.745781+00
39c2710c-a8fa-4f4a-80bb-d5697a9b4db6;52c87e9c-6eab-4f61-a471-224e73a10259;41bf4151-4d2d-4f49-b454-b53abbd5b706;Prepatch Leveling;1;0.00;"{""slider_end"":60,""slider_range"":""Start Level: 1 - End Level: 60"",""slider_start"":1}";2025-12-22 22:31:04.745781+00
1dac60e0-697f-45a0-9f86-187a1bf76a69;a291f426-f7d0-4f83-9cda-ca5dfb7d8c0a;4bbdb6e1-0137-459f-8b83-628d7f017273;WoW Fresh Power Leveling;1;0.00;"{""boost"":""Pilot"",""slider_end"":60,""slider_range"":""Start Level: 12 - End Level: 60"",""slider_start"":12,""speedlvl"":""Normal Speed""}";2025-12-27 19:45:47.586991+00
2a0f2e69-9f48-4765-ad7a-923b3022801f;6d097db0-c147-4bfc-b809-71cef09f07f1;f2442cc8-e06c-4821-bff0-af43ca9ede1f;Powerleveling;1;1.99;"{""slider_end"":60,""slider_range"":""Current Level: 1 - Desired Level: 60"",""slider_start"":1}";2025-12-29 08:55:02.397081+00
139fc171-3715-48e5-a3f9-8f351d97da9d;5e612d0c-5930-45ba-97e7-baad17b3fd6b;d4ad92b3-5ec2-410d-b983-17fc30265814;FFXIV Gil;1;0.00;"{""deldetailsff14"":""Balmung"",""ff14region"":""NA"",""slider_config"":""Amount of Gil: 30000000"",""slider_value"":30000000}";2026-01-02 01:21:26.469395+00
2b13038b-df5a-406e-8a33-0bde1c14077b;931fd200-d87a-45fb-b02a-a6eef2a992ca;58aad526-c357-4a77-9ead-c9b83004fdf9;TBC Powerleveling;1;0.00;"{""bmtbv"":""Pilot"",""classtbc"":""Hunter"",""expresslvl"":""Standard Speed"",""slider_end"":70,""slider_range"":""Start Level: 60 - End Level: 70"",""slider_start"":60,""tbclvlreg"":""NA""}";2026-01-02 13:20:54.435147+00
13758339-b88f-4388-b6f6-6a4405bc1e5c;3f2bf86b-cde4-4843-b6e4-d3615c06b3e5;92022507-dcc7-4067-9d6e-4ad094722070;Gold;1;0.00;"{""plat"":""PC"",""slider_config"":""Bilion: 90"",""slider_value"":90,""world"":""Seasonal""}";2026-01-03 08:20:54.095929+00
59a8b917-04f1-4940-9069-8962f1120a54;7f5775e8-595d-4d01-94b9-2afc50c71772;92022507-dcc7-4067-9d6e-4ad094722070;Gold;1;0.00;"{""plat"":""PC"",""slider_config"":""Mil / Gold: 65000"",""slider_value"":65000,""world"":""Seasonal""}";2026-01-04 19:34:08.609296+00
e5cfe0a5-adca-4f4b-8255-1e849408619e;93d123f9-3efc-485e-9168-169c84cb6286;58aad526-c357-4a77-9ead-c9b83004fdf9;TBC Powerleveling;1;0.00;"{""slider_end"":70,""slider_range"":""Start Level: 60 - End Level: 70"",""slider_start"":60}";2026-01-05 18:37:15.771467+00
d66311b5-922a-4412-b2d7-84593daf1d36;725e8d26-4b15-4003-9308-42b40a1a1afc;95ff4f94-2563-4b9e-8705-e3733f773863;Classic Fresh Gold;1;0.00;"{""delgoldfresh"":""Trade"",""factiongold"":""Alliance"",""serverid"":""US Nightslayer – PvP"",""slider_config"":""Amount of Gold: 1200"",""slider_value"":1200}";2026-01-06 21:26:44.311992+00
f9a5e527-6b89-4474-8449-4527884d50aa;9b7ca1c5-5d21-4401-9741-34a7dc96afa6;95ff4f94-2563-4b9e-8705-e3733f773863;Classic Fresh Gold;1;0.00;"{""delgoldfresh"":""Trade"",""factiongold"":""Alliance"",""serverid"":""US Nightslayer – PvP"",""slider_config"":""Amount of Gold: 6500"",""slider_value"":6500}";2026-01-07 20:02:10.993197+00
a174f1bd-e454-40e2-b34c-a605d3e2b2d7;3a781900-3ea4-47a6-b881-c70194941add;95ff4f94-2563-4b9e-8705-e3733f773863;Classic Fresh Gold;1;0.00;"{""delgoldfresh"":""Auction House"",""factiongold"":""Horde"",""serverid"":""US Nightslayer – PvP"",""slider_config"":""Amount of Gold: 10000"",""slider_value"":10000}";2026-01-11 19:36:13.445467+00
b22f4d98-ffbf-4e0a-a44d-f35eca9c941a;083cccec-990d-44fe-bb1a-fb9c8843de0e;95ff4f94-2563-4b9e-8705-e3733f773863;Classic Fresh Gold;1;0.00;"{""serverid"":""Whitemane"",""slider_config"":""Amount of Gold: 40700"",""slider_value"":40700}";2026-01-11 23:03:41.735136+00
b8293e5d-31c1-48a0-b4af-a7b9e465d771;7324e219-ee17-419c-967d-117b8034cc8a;95ff4f94-2563-4b9e-8705-e3733f773863;Classic Fresh Gold;1;0.00;"{""delgoldfresh"":""Trade"",""factiongold"":""Alliance"",""serverid"":""Whitemane"",""slider_config"":""Amount of Gold: 5000"",""slider_value"":5000}";2026-01-13 20:14:16.080056+00
37760136-07be-4308-891b-c6824859dcc9;9822def6-0146-437d-b543-dea91a06982c;ce498e92-cf8d-4029-915a-12b05073e14c;Manaforge Omega Heroic Lootshare;1;0.00;"{""boostm"":""Selfplay"",""full loot"":""15 Unsaved Players"",""lootopt"":""Choose option"",""reloots"":""EU""}";2026-01-14 19:02:26.730175+00
319dd203-1856-4d9c-a021-70dd2b2036bd;c506a37b-1150-4e79-a527-0ae1541c901e;cd08648c-532b-4ba8-9aff-92b40145302a;Custom offer;1;300.00;"{""slider_config"":""Level: 300"",""slider_value"":300}";2026-01-15 22:16:53.512204+00
99c1af32-b340-42c7-a2f8-af38d46c3a2e;9c369564-2ad3-44a2-8807-4f2c7d7afc63;ce498e92-cf8d-4029-915a-12b05073e14c;Manaforge Omega Heroic Lootshare;1;0.00;"{""boostm"":""Selfplay"",""full loot"":""15 Unsaved Players"",""lootopt"":""Choose option"",""reloots"":""EU""}";2026-01-18 11:49:26.647582+00
7c0c1455-45f7-40a4-ad85-92a884230429;950b159c-2e44-4320-a2bf-60c5aa3dcf78;58aad526-c357-4a77-9ead-c9b83004fdf9;TBC Powerleveling;1;0.00;"{""bmtbv"":""Pilot"",""classtbc"":""Druid"",""expresslvl"":""Standard Speed"",""slider_end"":70,""slider_range"":""Start Level: 60 - End Level: 70"",""slider_start"":60,""tbclvlreg"":""NA""}";2026-01-19 16:22:04.391631+00
349757c7-5af4-49e5-8c0f-169228133844;9dd6ec58-05cd-4dd6-9f93-6a86a9dcb34c;031c3929-d439-4985-bcc2-521e7cfd205a;WSG Marks of Honor;1;1.30;"{""bmwsgmarks"":""Pilot"",""regionwsgmarks"":""NA"",""slider_config"":""Marks: 100"",""slider_value"":100}";2026-01-19 19:16:47.873453+00
30653992-c311-4174-99d8-bef68e231627;9dd6ec58-05cd-4dd6-9f93-6a86a9dcb34c;e40ffa40-bcbc-4716-bd92-14920b1229cf;AB Marks of Honor;1;1.30;"{""bmabmarks"":""Pilot"",""regabmarks"":""NA"",""slider_config"":""Marks: 100"",""slider_value"":100}";2026-01-19 19:16:47.873453+00
d163f400-1774-4276-9ae3-737e5d783f78;9e953272-7ac3-43be-a886-869249351a0d;41bf4151-4d2d-4f49-b454-b53abbd5b706;Prepatch Leveling;1;0.00;"{""bmprepatch"":""Pilot"",""prepatchclass"":""Hunter"",""regprepatch"":""EU"",""slider_end"":53,""slider_range"":""Start Level: 47 - End Level: 53"",""slider_start"":47}";2026-01-20 11:48:11.301764+00
396d8feb-36d4-4dd2-94a8-e72c1341e9f4;1eaace1b-0715-4673-843d-ca2dd966496f;58aad526-c357-4a77-9ead-c9b83004fdf9;TBC Powerleveling;1;0.00;"{""bmtbv"":""Pilot"",""expresslvl"":""Standard Speed"",""slider_end"":70,""slider_range"":""Start Value: 60 - End Value: 70"",""slider_start"":60,""tbclvlreg"":""NA""}";2025-11-23 16:52:09.113786+00
c07700ed-6ba7-4464-ad8a-0321641f74c8;cf572d7e-abdf-4594-8dbe-42e988b05d9d;41bf4151-4d2d-4f49-b454-b53abbd5b706;Prepatch Leveling;1;0.00;"{""bmprepatch"":""Pilot"",""prepatchclass"":""Paladin"",""regprepatch"":""NA"",""slider_end"":60,""slider_range"":""Start Level: 1 - End Level: 60"",""slider_start"":1}";2025-11-23 22:31:52.646699+00
a8e07cc7-4980-41e6-8fe1-6b2fc8804d76;4541a2d0-7b7c-443f-819e-e489608616c6;58aad526-c357-4a77-9ead-c9b83004fdf9;TBC Powerleveling;1;0.00;"{""expresslvl"":""30% Faster"",""slider_end"":70,""slider_range"":""Start Level: 60 - End Level: 70"",""slider_start"":60}";2025-11-25 23:18:52.313642+00
1edcd564-f245-4ac4-8335-364728c5c36f;4541a2d0-7b7c-443f-819e-e489608616c6;58aad526-c357-4a77-9ead-c9b83004fdf9;TBC Powerleveling;1;0.00;"{""bmtbv"":""Pilot"",""classtbc"":""Hunter"",""expresslvl"":""Standard Speed"",""slider_end"":70,""slider_range"":""Start Level: 60 - End Level: 70"",""slider_start"":60,""tbclvlreg"":""NA""}";2025-11-25 23:18:52.313642+00
dfcf794e-2b5a-4c4f-97b8-41285af01919;1f74ed12-620e-4871-802c-71be07a1b706;4bbdb6e1-0137-459f-8b83-628d7f017273;WoW Fresh Power Leveling;1;0.00;"{""slider_end"":60,""slider_range"":""Start Level: 1 - End Level: 60"",""slider_start"":1}";2025-11-29 23:18:38.325971+00
1772be11-a9f3-4f6c-a4d4-c695d95c2135;ab9bb43a-3f2f-433e-914c-1881f52da7b8;d4ad92b3-5ec2-410d-b983-17fc30265814;FFXIV Gil;1;0.00;"{""deldetailsff14"":""skar xiii"",""ff14region"":""NA"",""slider_config"":""Amount of Gil: 10000000"",""slider_value"":10000000}";2025-12-05 20:22:47.727016+00
0a8ff447-c5d9-4242-99e6-77459f36050d;ad603015-d856-43d7-87e3-68d4addb2104;d4ad92b3-5ec2-410d-b983-17fc30265814;FFXIV Gil;1;0.00;"{""deldetailsff14"":""Zalera/Crystal and Caleesa Viane"",""ff14region"":""NA"",""slider_config"":""Amount of Gil: 250000000"",""slider_value"":250000000}";2025-12-08 15:04:43.607525+00
016b18b0-2c09-4ad7-b6c2-5f3adfbbacb5;e2b05aeb-c83e-442c-b462-2abc021c3230;91afaef0-9f6f-470c-9698-c6cdf4ca94b4;Fellowship Dungeons Boost;1;0.00;"{""fellowbm"":""Selfplay"",""fellowkey"":""+7 Key"",""fellowlegue"":""Paragon"",""fellowregion"":""EU"",""slider_config"":""Number of runs: 30"",""slider_value"":30}";2025-12-09 15:12:36.379414+00
a12fc36c-8e99-4394-a3c6-8bce568c247b;41d0a7af-264a-4828-bea7-4b94b801fc05;4bbdb6e1-0137-459f-8b83-628d7f017273;WoW Fresh Power Leveling;1;0.00;"{""slider_end"":40,""slider_range"":""Start Level: 19 - End Level: 40"",""slider_start"":19}";2025-12-11 13:07:59.658817+00
d01e9bf4-694a-40e2-afb2-991771a31046;f249bd08-e202-456f-ac74-f06731bf629d;6527407f-41c5-4fbc-8dbb-2adde1e61ccb;WoW Gold;1;0.00;"{""deldetails"":""US-Thrall"",""factiongoldretail"":""Horde"",""regionwowgold"":""NA"",""slider_config"":""Total: 9450000"",""slider_value"":9450000}";2025-12-14 08:39:07.255022+00
e4f31cab-2dd7-4741-88eb-177eefcda69b;a700d9d0-e90e-4d9b-aadd-e4226289e109;4bbdb6e1-0137-459f-8b83-628d7f017273;WoW Fresh Power Leveling;1;0.00;"{""slider_end"":60,""slider_range"":""Start Level: 41 - End Level: 60"",""slider_start"":41}";2025-12-17 05:00:29.782841+00
593318af-8394-49e7-8a1f-21cc10d11363;341cdbeb-7779-4f0f-b89e-ba733bd5e094;58aad526-c357-4a77-9ead-c9b83004fdf9;TBC Powerleveling;1;0.00;"{""slider_end"":70,""slider_range"":""Start Level: 60 - End Level: 70"",""slider_start"":60}";2025-12-21 18:43:01.476949+00
4e28c8a1-1e57-49ec-a9ca-df1d788b0419;02ec1f47-8cce-4b2e-991d-1392d6865edc;95ff4f94-2563-4b9e-8705-e3733f773863;Classic Fresh Gold;1;0.00;"{""factiongold"":""Alliance"",""serverid"":""EU Soulseeker – Hardcore"",""slider_config"":""Amount of Gold: 1000"",""slider_value"":1000}";2025-12-24 17:58:10.184326+00
0a74806f-2a7d-434a-8034-dd369717cc91;2d883ea2-a1a5-4647-9941-235c3b0a5120;58aad526-c357-4a77-9ead-c9b83004fdf9;TBC Powerleveling;1;0.00;"{""bmtbv"":""Pilot"",""classtbc"":""Druid"",""expresslvl"":""30% Faster"",""slider_end"":70,""slider_range"":""Start Level: 60 - End Level: 70"",""slider_start"":60,""tbclvlreg"":""NA""}";2025-12-28 03:27:09.29784+00
da58f0b1-4ccd-4b03-a265-f2e4d41f990d;0433f8e8-fde9-4d1b-a33c-f49a796346d1;08587f4c-8dab-4f3f-af81-c17b2399f93a;Divine Orbs;1;0.08;"{""slider_config"":""Divine Orbs: 250"",""slider_value"":250}";2025-12-31 17:55:16.57207+00
8932e584-226c-4dc2-a1ba-32cc889451c9;adca8bf1-256f-4eed-bc99-ebb7a75123f6;92022507-dcc7-4067-9d6e-4ad094722070;Gold;1;0.00;"{""plat"":""PC"",""slider_config"":""Bilion: 75"",""slider_value"":75}";2026-01-02 11:50:40.335428+00
fd469466-9bf7-4d6f-93b7-f505e2422720;35e5f47f-2c99-457f-80c3-c0f3708b8b52;81a4f561-3a57-4ce2-9805-f853129059e7;Red Dust;1;0.00;"{""boost"":""Piloted"",""plat"":""PC"",""slider_config"":""Amount to be received: 60161"",""slider_value"":60161,""world"":""Seasonal""}";2026-01-02 14:37:43.35775+00
c020744a-5f6b-41e0-b45e-db0daae5b9c2;40337a5e-d617-454e-b31e-2733673ad9d3;92022507-dcc7-4067-9d6e-4ad094722070;Gold;1;0.00;"{""plat"":""PC"",""slider_config"":""Bilion: 85"",""slider_value"":85,""world"":""Seasonal""}";2026-01-03 08:46:50.838586+00
ab23ea1a-0c9e-4c18-83d4-36ccf42896e4;9ee98896-77a4-4cba-95b5-b80e749d6067;92022507-dcc7-4067-9d6e-4ad094722070;Gold;1;0.00;"{""slider_config"":""Mil / Gold: 65000"",""slider_value"":65000}";2026-01-04 19:54:00.656865+00
7a5d635d-74ed-41d0-816d-ed5837efef1f;9aeb4493-ed5c-4366-a338-f350a9655ec3;92022507-dcc7-4067-9d6e-4ad094722070;Gold;3;0.00;"{""slider_config"":""Mil / Gold: 65000"",""slider_value"":65000}";2026-01-05 18:47:41.209745+00
98621fcd-e8bb-4187-b7c3-1dd777ec19e0;9aeb4493-ed5c-4366-a338-f350a9655ec3;6527407f-41c5-4fbc-8dbb-2adde1e61ccb;WoW Gold;1;0.00;"{""regionwowgold"":""EU"",""slider_config"":""K / Gold: 32770"",""slider_value"":32770}";2026-01-05 18:47:41.209745+00
8a8209c3-6d6b-49f0-936d-74f91fd0231a;bb7376fc-e967-40d7-b1b9-d62a0c59b948;95ff4f94-2563-4b9e-8705-e3733f773863;Classic Fresh Gold;1;0.00;"{""factiongold"":""Alliance"",""serverid"":""US Nightslayer – PvP"",""slider_config"":""Amount of Gold: 3000"",""slider_value"":3000}";2026-01-07 19:57:47.927495+00
56bd4a03-8926-49df-b69b-54ba7d608963;59f146bb-b362-4ef3-a964-bc861eabd8d1;95ff4f94-2563-4b9e-8705-e3733f773863;Classic Fresh Gold;1;0.00;"{""factiongold"":""Alliance"",""serverid"":""US Nightslayer – PvP"",""slider_config"":""Amount of Gold: 2500"",""slider_value"":2500}";2026-01-07 20:03:54.413013+00
36680900-d1cd-4cb0-916d-2396fb544e90;3f4a7baa-7c62-4001-8959-03d30eb7e278;95ff4f94-2563-4b9e-8705-e3733f773863;Classic Fresh Gold;1;0.00;"{""delgoldfresh"":""Trade"",""factiongold"":""Alliance"",""serverid"":""Whitemane"",""slider_config"":""Amount of Gold: 25450"",""slider_value"":25450}";2026-01-11 22:57:26.632983+00
e061c8e1-6e89-459e-af81-0ddbd0e39cdd;f66fd97b-0d90-4add-a1a5-d63fd4cce0b6;95ff4f94-2563-4b9e-8705-e3733f773863;Classic Fresh Gold;1;0.00;"{""delgoldfresh"":""Trade"",""delgoldfreshdetails"":"""",""factiongold"":""Horde"",""serverid"":""US Nightslayer – PvP"",""slider_config"":""Amount of Gold: 5000"",""slider_value"":5000}";2026-01-12 05:40:01.097865+00
84a1390a-cd9d-49d3-aef5-fcc92d7c7e0e;e1457be2-72f0-4716-b9b7-f8290f390e8a;ce498e92-cf8d-4029-915a-12b05073e14c;Manaforge Omega Heroic Lootshare;1;0.00;"{""boostm"":""Selfplay"",""full loot"":""15 Unsaved Players"",""lootopt"":""Choose option"",""reloots"":""EU""}";2026-01-14 14:43:19.937837+00
9adda050-0606-4dc4-9d14-670da5163a2e;afd176ba-2372-41f3-893a-3fe925ecdae4;95ff4f94-2563-4b9e-8705-e3733f773863;Classic Fresh Gold;1;0.00;"{""delgoldfresh"":""Auction House"",""delgoldfreshdetails"":"""",""factiongold"":""Horde"",""serverid"":""US Nightslayer – PvP"",""slider_config"":""Amount of Gold: 2000"",""slider_value"":2000}";2026-01-14 20:58:19.302727+00
08f39d4e-3fd0-4989-bcb2-adc684e51374;ceb03b38-30d2-44fa-8e20-716069db8ebb;41bf4151-4d2d-4f49-b454-b53abbd5b706;Prepatch Leveling;1;0.00;"{""bmprepatch"":""Pilot"",""prepatchclass"":""Mage"",""regprepatch"":""EU"",""slider_end"":60,""slider_range"":""Start Level: 58 - End Level: 60"",""slider_start"":58}";2026-01-18 14:25:04.245662+00
9992f31d-35f9-41c2-83b9-96b26e940b94;2b091789-9933-44be-8e98-a18a79145b88;58aad526-c357-4a77-9ead-c9b83004fdf9;TBC Powerleveling;1;0.00;"{""slider_end"":70,""slider_range"":""Start Level: 60 - End Level: 70"",""slider_start"":60}";2026-01-19 01:33:27.040694+00
3e3e8169-88ce-4a4d-b0eb-ca7ce91864f9;9dd6ec58-05cd-4dd6-9f93-6a86a9dcb34c;58aad526-c357-4a77-9ead-c9b83004fdf9;TBC Powerleveling;1;0.00;"{""bmtbv"":""Pilot"",""classtbc"":""Druid"",""expresslvl"":""Standard Speed"",""slider_end"":70,""slider_range"":""Start Level: 60 - End Level: 70"",""slider_start"":60,""tbclvlreg"":""NA""}";2026-01-19 19:16:47.873453+00
ace67973-385b-4637-957f-36239aa07a53;9dd6ec58-05cd-4dd6-9f93-6a86a9dcb34c;ce98802d-08f7-42e8-a932-b31cb4566752;Tailoring;1;1.20;"{""slider_end"":300,""slider_range"":""Start Value: 17 - End Value: 300"",""slider_start"":17}";2026-01-19 19:16:47.873453+00
816e1b2d-4dbc-46b4-ad86-7fd6a6b1e6d2;ed9dda41-2c1e-407f-8548-f1858d14b61e;58aad526-c357-4a77-9ead-c9b83004fdf9;TBC Powerleveling;1;0.00;"{""bmtbv"":""Pilot"",""expresslvl"":""Standard Speed"",""slider_end"":70,""slider_range"":""Start Value: 60 - End Value: 70"",""slider_start"":60,""tbclvlreg"":""NA""}";2025-11-23 18:11:30.803091+00
e7b720d4-a1eb-4ebe-89b5-26e620846df5;ed9dda41-2c1e-407f-8548-f1858d14b61e;58aad526-c357-4a77-9ead-c9b83004fdf9;TBC Powerleveling;1;0.00;"{""bmtbv"":""Pilot"",""expresslvl"":""Standard Speed"",""slider_end"":70,""slider_range"":""Start Value: 60 - End Value: 70"",""slider_start"":60,""tbclvlreg"":""NA""}";2025-11-23 18:11:30.803091+00
8dd98efe-92ca-4883-9d28-1428577aeec6;922ad676-11dd-4d9e-8f0b-70da2cc0cd1f;58aad526-c357-4a77-9ead-c9b83004fdf9;TBC Powerleveling;1;0.00;"{""bmtbv"":""Pilot"",""classtbc"":""Warlock"",""expresslvl"":""Standard Speed"",""slider_end"":70,""slider_range"":""Start Level: 60 - End Level: 70"",""slider_start"":60,""tbclvlreg"":""NA""}";2025-11-25 00:08:29.686706+00
9610773f-e812-4f58-a5b8-828ef3500a66;b50821a2-e82a-4aae-9642-9ac2fc5d6037;58aad526-c357-4a77-9ead-c9b83004fdf9;TBC Powerleveling;1;0.00;"{""slider_end"":70,""slider_range"":""Start Level: 60 - End Level: 70"",""slider_start"":60}";2025-12-03 05:31:16.463392+00
fa4a7d4c-b81b-45a5-a446-82d56b720fb8;4b4c03a9-ced5-4861-9601-0d61f21eaccd;58aad526-c357-4a77-9ead-c9b83004fdf9;TBC Powerleveling;1;0.00;"{""bmtbv"":""Pilot"",""classtbc"":""Priest"",""expresslvl"":""Standard Speed"",""slider_end"":70,""slider_range"":""Start Level: 60 - End Level: 70"",""slider_start"":60,""tbclvlreg"":""NA""}";2025-12-06 21:37:17.161+00
a7f9313a-f77a-4af0-a1a1-3437b4a1116a;3a8d4998-083c-4587-af8e-636322f0a3c3;d4ad92b3-5ec2-410d-b983-17fc30265814;FFXIV Gil;1;0.00;"{""deldetailsff14"":""Seraph; Bech Yni"",""ff14region"":""NA"",""slider_config"":""Amount of Gil: 300000000"",""slider_value"":300000000}";2025-12-08 19:03:02.340387+00
9b975d50-e5c7-4706-a8ce-a389be314967;c79db820-41f3-4b98-9ac1-2f075541e4a1;95ff4f94-2563-4b9e-8705-e3733f773863;Classic Fresh Gold;1;0.00;"{""factiongold"":""Horde"",""serverid"":""US Dreamscythe – PvE "",""slider_config"":""Amount of Gold: 2500"",""slider_value"":2500}";2025-12-09 19:52:37.57106+00
f5ecf0cb-8674-4aeb-a47c-5926f8024406;9fc63199-4e25-46ce-ab37-c00030dc4add;58aad526-c357-4a77-9ead-c9b83004fdf9;TBC Powerleveling;1;0.00;"{""bmtbv"":""Pilot"",""expresslvl"":""Standard Speed"",""slider_end"":70,""slider_range"":""Start Level: 60 - End Level: 70"",""slider_start"":60,""tbclvlreg"":""NA""}";2025-12-11 23:52:34.793238+00
9325f946-461e-469a-a252-a899d6f70ec4;601a4b5e-1aef-4676-9fc1-f0311d58beea;95ff4f94-2563-4b9e-8705-e3733f773863;Classic Fresh Gold;1;0.00;"{""factiongold"":""Horde"",""serverid"":""EU Spineshatter – PvP"",""slider_config"":""Amount of Gold: 1000"",""slider_value"":1000}";2025-12-15 19:59:52.536344+00
04032d21-2939-4b21-833e-b2e63cb08db6;bffa35bc-80cd-453e-9cea-4e360135486a;d4ad92b3-5ec2-410d-b983-17fc30265814;FFXIV Gil;1;0.00;"{""deldetailsff14"":""Midgardsormr Yoru Hitoshi"",""ff14region"":""NA"",""slider_config"":""Amount of Gil: 60000000"",""slider_value"":60000000}";2025-12-17 08:10:53.835935+00
ef71adcf-91ef-44fb-9663-f602e7c2eaa1;76adbf68-28c8-44b8-b27a-3168fca6ed1a;f2442cc8-e06c-4821-bff0-af43ca9ede1f;Powerleveling;1;1.99;"{""slider_end"":60,""slider_range"":""Current Level: 1 - Desired Level: 60"",""slider_start"":1}";2025-12-21 21:58:55.151872+00
9913316c-c2fb-4056-8e4a-a107ef255219;6215f8c8-91b4-457f-9e12-f7ad15b6033e;95ff4f94-2563-4b9e-8705-e3733f773863;Classic Fresh Gold;1;0.00;"{""factiongold"":""Alliance"",""serverid"":""US Nightslayer – PvP"",""slider_config"":""Amount of Gold: 1000"",""slider_value"":1000}";2025-12-24 20:11:24.360411+00
0d4f4730-502d-48d6-8e74-279a93c82dbb;7890cebb-9abb-46d7-8373-3e75da093bcd;6527407f-41c5-4fbc-8dbb-2adde1e61ccb;WoW Gold;1;0.00;"{""deldetails"":""Washedheals-Thrall"",""factiongoldretail"":""Horde"",""regionwowgold"":""NA"",""slider_config"":""Total: 9999999"",""slider_value"":9999999}";2025-12-29 07:53:51.369325+00
218c3111-faa6-4c22-8479-87d14a82052a;c1285fc2-65de-469c-8ad3-b08543cae2fa;d4ad92b3-5ec2-410d-b983-17fc30265814;FFXIV Gil;1;0.00;"{""deldetailsff14"":""Artemis Morningstar - Cerberus"",""ff14region"":""EU"",""slider_config"":""Amount of Gil: 30000000"",""slider_value"":30000000}";2025-12-31 19:08:22.581911+00
3881aa23-78fa-474b-b451-2f67f09dd0dc;c70cc768-828d-4bc7-a24d-774b3c1b94ce;92022507-dcc7-4067-9d6e-4ad094722070;Gold;1;0.00;"{""slider_config"":""Bilion: 35"",""slider_value"":35}";2026-01-02 13:12:56.719745+00
81b52b7d-902c-4d8b-be9c-d2ed013e305b;a8d12433-a8e9-4947-a1e7-145c1da308cf;92022507-dcc7-4067-9d6e-4ad094722070;Gold;1;0.00;"{""plat"":""PC"",""slider_config"":""Bilion: 80"",""slider_value"":80,""world"":""Seasonal""}";2026-01-02 18:44:18.485775+00
d339a96b-b9f8-4e76-b47d-9f2498fc73d7;69aea7b9-3f77-4ca9-96e1-d03348510429;41bf4151-4d2d-4f49-b454-b53abbd5b706;Prepatch Leveling;1;0.00;"{""bmprepatch"":""Pilot"",""prepatchclass"":""Paladin"",""regprepatch"":""EU"",""slider_end"":60,""slider_range"":""Start Level: 1 - End Level: 60"",""slider_start"":1}";2026-01-04 11:54:19.102302+00
8eb48ce1-bf67-4e60-8c79-36dd5bcb0942;e54b0448-363c-472b-a5dd-7db8591f01e2;91afaef0-9f6f-470c-9698-c6cdf4ca94b4;Fellowship Dungeons Boost;1;0.00;"{""fellowbm"":""Selfplay"",""fellowkey"":""+1 Key"",""fellowlegue"":""Paragon"",""fellowregion"":""EU"",""slider_config"":""Number of runs: 15"",""slider_value"":15}";2025-11-16 15:05:00.713225+00
55d53a78-185c-44f2-9fa1-c945d9160752;dd9c0fc4-f9a9-4002-9ce6-4972bea7a881;58aad526-c357-4a77-9ead-c9b83004fdf9;TBC Powerleveling;1;0.00;"{""slider_end"":70,""slider_range"":""Start Value: 60 - End Value: 70"",""slider_start"":60}";2025-11-19 19:44:55.12007+00
5f40b3eb-7ec4-475f-a863-81e3c48d0106;dd9c0fc4-f9a9-4002-9ce6-4972bea7a881;58aad526-c357-4a77-9ead-c9b83004fdf9;TBC Powerleveling;1;0.00;"{""slider_end"":70,""slider_range"":""Start Value: 60 - End Value: 70"",""slider_start"":60}";2025-11-19 19:44:55.12007+00
c3ed72a5-9407-4c77-9a64-1a784b7ad5be;773b2ada-4cfe-4791-9dae-5e12b65f117c;92022507-dcc7-4067-9d6e-4ad094722070;Gold;3;0.00;"{""slider_config"":""Mil / Gold: 65000"",""slider_value"":65000}";2026-01-05 18:36:46.557523+00
94a04be2-111b-41e4-9109-b9cc6a46c076;4b8d862d-0f3a-4d20-b0a6-eeb7a88c7ad0;58aad526-c357-4a77-9ead-c9b83004fdf9;TBC Powerleveling;1;0.00;"{""bmtbv"":""Pilot"",""classtbc"":""Druid"",""expresslvl"":""Standard Speed"",""slider_end"":70,""slider_range"":""Start Level: 60 - End Level: 70"",""slider_start"":60,""tbclvlreg"":""NA""}";2026-01-05 19:36:15.501211+00
5808982c-2e9c-4c48-bcfc-e4955b10e3c4;395fb555-a698-4d2e-80c1-634746541908;95ff4f94-2563-4b9e-8705-e3733f773863;Classic Fresh Gold;1;0.00;"{""delgoldfresh"":""Trade"",""factiongold"":""Alliance"",""serverid"":""US Nightslayer – PvP"",""slider_config"":""Amount of Gold: 5000"",""slider_value"":5000}";2026-01-07 20:00:27.806195+00
1fb62249-05ee-49eb-9b03-bdaa647bf3af;4ebf0f4d-d5c9-4c5b-bdce-33f036fd61c1;95ff4f94-2563-4b9e-8705-e3733f773863;Classic Fresh Gold;1;0.00;"{""delgoldfresh"":""Trade"",""factiongold"":""Alliance"",""serverid"":""US Nightslayer – PvP"",""slider_config"":""Amount of Gold: 2500"",""slider_value"":2500}";2026-01-07 20:07:19.933302+00
b5f53990-296f-4d03-9c15-7ebea012993d;a3dce291-3c21-426c-bc17-6c6034f75234;95ff4f94-2563-4b9e-8705-e3733f773863;Classic Fresh Gold;1;0.00;"{""serverid"":""Whitemane"",""slider_config"":""Amount of Gold: 40700"",""slider_value"":40700}";2026-01-11 23:02:04.871891+00
d956ab4d-b818-4d1d-a7b0-241c2c3fc47d;0dd02cdf-82cf-4637-ab1c-2007fbf67b6f;4bbdb6e1-0137-459f-8b83-628d7f017273;WoW Fresh Power Leveling;1;0.00;"{""slider_end"":60,""slider_range"":""Start Level: 53 - End Level: 60"",""slider_start"":53}";2026-01-12 20:31:00.512656+00
ff3a119c-499f-476e-9add-334b71723825;7636a734-28fc-43cf-803b-2d9deb0f67f7;d4ad92b3-5ec2-410d-b983-17fc30265814;FFXIV Gil;1;0.00;"{""deldetailsff14"":""Kali Uchis"",""ff14region"":""EU"",""slider_config"":""K / Gil: 30000"",""slider_value"":30000}";2026-01-14 15:46:17.986512+00
8287d96c-e9d6-4942-9bfb-f1cc265d573d;d5a077b1-3d3c-493c-a524-55a157a0e6f9;;Housing order;1;60.00;{};2026-01-15 20:12:56.184313+00
28bef061-135a-47b3-8acd-c53edeebdc74;801ab7d5-6aea-43e1-bc97-6f23a0d08117;cd08648c-532b-4ba8-9aff-92b40145302a;Custom offer;1;200.00;"{""slider_config"":""Level: 1"",""slider_value"":1}";2026-01-17 14:58:30.718524+00
c89ec759-ffae-4f4b-99fa-de67e2417ace;e7caefbd-ae99-4cd7-b7d5-2666814488b5;58aad526-c357-4a77-9ead-c9b83004fdf9;TBC Powerleveling;1;0.00;"{""bmtbv"":""Pilot"",""classtbc"":""Rogue"",""expresslvl"":""Standard Speed"",""slider_end"":70,""slider_range"":""Start Level: 60 - End Level: 70"",""slider_start"":60,""tbclvlreg"":""EU""}";2026-01-18 16:06:03.202806+00
ad84f7a5-41e3-4144-b3ae-f2ec0e6f6ba9;7434cda2-99b9-42f5-a128-fb62600b1b38;58aad526-c357-4a77-9ead-c9b83004fdf9;TBC Powerleveling;1;0.00;"{""classtbc"":""Mage"",""slider_end"":70,""slider_range"":""Start Level: 60 - End Level: 70"",""slider_start"":60}";2026-01-19 09:03:23.886018+00
6587cbae-c697-4a57-ae79-33831a45f2f1;9dd6ec58-05cd-4dd6-9f93-6a86a9dcb34c;3c36f5aa-4124-4e94-9e46-ada08de7a574;Enchanting;1;1.20;"{""slider_end"":300,""slider_range"":""Start Value: 1 - End Value: 300"",""slider_start"":1}";2026-01-19 19:16:47.873453+00
d4eff111-1e3d-4662-9fbb-cd25e00afba5;a9c77f92-9bc0-4068-9078-6fe6aa36c136;58aad526-c357-4a77-9ead-c9b83004fdf9;TBC Powerleveling;1;0.00;"{""bmtbv"":""Pilot"",""classtbc"":""Warrior"",""expresslvl"":""30% Faster"",""slider_end"":70,""slider_range"":""Start Level: 61 - End Level: 70"",""slider_start"":61,""tbclvlreg"":""NA""}";2026-01-20 18:52:02.52136+00
82cc1e25-5fb5-43ef-b2da-c3378105963e;0a3f05d4-82f7-4da6-8423-56cab314c8db;ce498e92-cf8d-4029-915a-12b05073e14c;Manaforge Omega Heroic Lootshare;1;0.00;"{""boostm"":""Selfplay"",""full loot"":""15 Unsaved Players"",""lootopt"":""Choose option"",""reloots"":""EU""}";2026-01-21 12:26:44.130885+00
d5d4290d-9b4e-4f0a-8427-0342e3d2ecc2;0a3f05d4-82f7-4da6-8423-56cab314c8db;ce498e92-cf8d-4029-915a-12b05073e14c;Manaforge Omega Heroic Lootshare;1;0.00;"{""boostm"":""Selfplay"",""full loot"":""15 Unsaved Players"",""lootopt"":""Choose option"",""reloots"":""EU""}";2026-01-21 12:26:44.130885+00
c2157a91-4b21-4a0d-ae5c-4e21cd3084f2;451c93e2-fa5a-4fe8-aaa7-13ade893a05b;921bee15-be57-4fad-bb9d-e98ae9c98f06;WoW The War Within Leveling;1;0.00;"{""slider_end"":3,""slider_range"":""Start Value: 1 - End Value: 3"",""slider_start"":1}";2026-01-21 18:05:44.919039+00
972743cd-6af4-4adb-b736-2cd57fbe62c7;1018c01e-32c1-47f1-9088-2c9f3950f282;58aad526-c357-4a77-9ead-c9b83004fdf9;TBC Powerleveling;1;0.00;"{""bmtbv"":""Pilot"",""expresslvl"":""Standard Speed"",""slider_end"":70,""slider_range"":""Start Level: 58 - End Level: 70"",""slider_start"":58,""tbclvlreg"":""NA""}";2026-01-21 23:47:26.045473+00
b3e8b2a3-d7e4-4c50-82ea-fc652581c388;7558ee75-2cd5-42c4-8784-354ac1374ce1;58aad526-c357-4a77-9ead-c9b83004fdf9;TBC Powerleveling;1;0.00;"{""bmtbv"":""Pilot"",""classtbc"":""Paladin"",""expresslvl"":""Standard Speed"",""slider_end"":70,""slider_range"":""Start Level: 60 - End Level: 70"",""slider_start"":60,""tbclvlreg"":""EU""}";2026-01-22 12:34:03.482101+00
64f79fc4-2ddf-40b3-8301-4d8da93f362b;c34d2887-a839-4a96-b150-e1c1d2a9893c;ce498e92-cf8d-4029-915a-12b05073e14c;Manaforge Omega Heroic Lootshare;1;0.00;"{""boostm"":""Selfplay"",""full loot"":""15 Unsaved Players"",""lootopt"":""Choose option"",""reloots"":""EU""}";2026-01-22 15:50:21.395465+00
5db6023b-7d3d-493e-b8e2-a80f46d981d5;3d35063c-6b6b-47a2-be7f-90148e9d5e04;893023a5-220d-4c92-8145-aef2d8cde98d;Mining;1;1.20;"{""slider_end"":250,""slider_range"":""Start Value: 201 - End Value: 250"",""slider_start"":201}";2026-01-23 09:42:40.923076+00
a806ec42-7b45-4133-ad12-06c6080acb09;3d35063c-6b6b-47a2-be7f-90148e9d5e04;41bf4151-4d2d-4f49-b454-b53abbd5b706;Prepatch Leveling;1;0.00;"{""bmprepatch"":""Pilot"",""prepatchclass"":""Hunter"",""regprepatch"":""EU"",""slider_end"":58,""slider_range"":""Start Level: 55 - End Level: 58"",""slider_start"":55}";2026-01-23 09:42:40.923076+00
43c0e9b2-801e-43a5-b424-0e5a62e500bd;789996ec-99a4-47f5-b1b4-2e3b0e2588c4;ce498e92-cf8d-4029-915a-12b05073e14c;Manaforge Omega Heroic Lootshare;1;0.00;"{""boostm"":""Selfplay"",""full loot"":""15 Unsaved Players"",""lootopt"":""Choose option"",""reloots"":""EU""}";2026-01-23 18:51:11.696633+00
fb6acdb0-18d1-403e-ba32-0c8838262466;fdded718-3894-4a07-8764-44eb3f526cd6;95ff4f94-2563-4b9e-8705-e3733f773863;TBC Gold;1;0.00;"{""delgoldfresh"":""Trade"",""factiongold"":""Horde"",""serverid"":""US Nightslayer – PvP"",""slider_config"":""Amount of Gold: 2000"",""slider_value"":2000}";2026-01-23 21:47:13.949674+00
a46c8fc0-55f3-4bc4-ab7c-98b350adff1e;a63e0db8-a9ac-4743-a925-25ed0833d97b;bcf886c7-0731-4ff9-9fd0-98d38ff491e4;Classic Era Gold;1;0.00;"{""delivery"":""Trade"",""faction"":""Alliance"",""server"":""NA Whitemane Cluster"",""slider_config"":""Amount of Gold: 30294"",""slider_value"":30294}";2026-01-24 00:09:13.876412+00
ae391b40-f015-4c47-b03d-334b5373da9d;d882cd06-0e2b-4c4d-8dbf-e90f1b04bb8a;3fa58f81-b312-4eaf-a9fd-902ef547868d;Mythic+ Boost;1;1.35;"{""bmm+"":""Selfplay"",""intime"":""Weekly Run ( All runs are timed under +15 Key )"",""keylvl"":""+10"",""m+traders"":""3 Traders"",""rm+"":""NA"",""slider_config"":""Dungeons: 5"",""slider_value"":5}";2026-01-24 15:04:55.403418+00
5c1c4d7c-91d5-403a-8a97-8715c6c9a50c;e73c9deb-403b-43f8-a853-d59ec5898d17;95ff4f94-2563-4b9e-8705-e3733f773863;TBC Gold;1;0.00;"{""delgoldfresh"":""Trade"",""delgoldfreshdetails"":""0"",""factiongold"":""Horde"",""serverid"":""EU Spineshatter – PvP"",""slider_config"":""Amount of Gold: 600"",""slider_value"":600}";2026-01-24 22:10:16.906882+00
2b07793f-7036-4a39-afd4-6d5ab54ea5ce;9987102d-5ca5-4b04-9866-1e7731bf777b;f8fbcbf5-4891-4734-9eba-2d55561d33b3;Honor Farming;1;0.00;"{""slider_config"":""Honor: 25000"",""slider_value"":25000}";2026-01-25 00:33:55.706736+00
37cb71eb-fc20-4eb5-aa13-61fdee8e0c94;bc668113-4d03-4761-a286-0687b1b0bbb6;6527407f-41c5-4fbc-8dbb-2adde1e61ccb;WoW Gold;1;0.00;"{""factiongoldretail"":""Horde"",""regionwowgold"":""NA"",""slider_config"":""K / Gold: 400"",""slider_value"":400}";2026-01-25 14:45:29.861651+00
2a144c1a-1a28-47dc-9cfe-6a6e12493654;e411c5e4-4bbf-4294-814b-5f4372af8b6e;6527407f-41c5-4fbc-8dbb-2adde1e61ccb;WoW Gold;2;0.00;"{""factiongoldretail"":""Horde"",""regionwowgold"":""NA"",""slider_config"":""K / Gold: 400"",""slider_value"":400}";2026-01-25 14:51:03.626334+00
c5806770-a8ec-465c-b75c-4529a02a17cb;dfe4901f-e680-4c1f-8a31-8c259ae034ac;6527407f-41c5-4fbc-8dbb-2adde1e61ccb;WoW Gold;1;0.00;"{""factiongoldretail"":""Horde"",""regionwowgold"":""NA"",""slider_config"":""K / Gold: 400"",""slider_value"":400}";2026-01-25 14:53:01.23761+00
e0374c87-7309-4b6a-8410-86a75418f5e2;c2996801-a546-483a-b6c3-bb3c2f71f4c2;95ff4f94-2563-4b9e-8705-e3733f773863;TBC Gold;1;0.00;"{""delgoldfresh"":""Trade"",""factiongold"":""Horde"",""serverid"":""US Dreamscythe – PvE "",""slider_config"":""Amount of Gold: 1500"",""slider_value"":1500}";2026-01-25 15:35:26.786323+00
2583f985-6503-4ecd-a52e-d84e95aa471b;ede5c96d-b084-438a-b7e0-9e0baf729f75;f011818c-6aff-4fbd-9b03-33afe3546522;Preraid Gear;1;1.00;"{""bmgear"":""Pilot"",""prgeartype"":""Full Heroic Gear"",""prregion"":""EU""}";2026-01-25 20:01:58.472467+00
54af1376-dfd0-4d2d-9f12-f84ea430b6f8;05d91c73-d057-45a7-809f-122f2d584c57;41bf4151-4d2d-4f49-b454-b53abbd5b706;Prepatch Leveling;1;0.00;"{""bmprepatch"":""Pilot"",""prepatchclass"":""Priest"",""regprepatch"":""NA"",""slider_end"":60,""slider_range"":""Start Level: 58 - End Level: 60"",""slider_start"":58}";2026-01-25 22:06:31.946537+00
c6771f2d-2f8c-4b6c-ab08-9e17b928f429;d4148610-19c7-4706-9bd8-2b1a8e9caa1e;41bf4151-4d2d-4f49-b454-b53abbd5b706;Prepatch Leveling;1;0.00;"{""bmprepatch"":""Pilot"",""prepatchclass"":""Priest"",""regprepatch"":""NA"",""slider_end"":60,""slider_range"":""Start Level: 58 - End Level: 60"",""slider_start"":58}";2026-01-25 22:12:30.168966+00
da4b2775-55e9-48ba-b013-0d03c88d6fbc;42a6dea7-77c9-4ae0-8daa-f0fe13c68969;95ff4f94-2563-4b9e-8705-e3733f773863;TBC Gold;1;0.00;"{""delgoldfresh"":""Auction House"",""factiongold"":""Alliance"",""serverid"":""EU Thunderstrike – PvE"",""slider_config"":""Amount of Gold: 400"",""slider_value"":400}";2026-01-26 12:10:36.219296+00
76be0d36-2a04-4ca3-b1c8-32bb30dba70d;7e40418b-4203-4796-bcfe-9c824847b28d;95ff4f94-2563-4b9e-8705-e3733f773863;TBC Gold;1;0.00;"{""delgoldfresh"":""Trade"",""factiongold"":""Horde"",""serverid"":""US Nightslayer – PvP"",""slider_config"":""Amount of Gold: 950"",""slider_value"":950}";2026-01-26 21:21:00.719778+00
fb8c96fa-80e5-474d-81cd-a07a8b362ff5;71a8bb6c-787c-48d3-814b-3421f3527b1e;95ff4f94-2563-4b9e-8705-e3733f773863;TBC Gold;1;0.00;"{""delgoldfresh"":""Trade"",""factiongold"":""Horde"",""serverid"":""US Nightslayer – PvP"",""slider_config"":""Amount of Gold: 950"",""slider_value"":950}";2026-01-26 21:22:57.834199+00
4de96a20-01d8-40ff-9f10-070e84581042;9d7c4315-0b87-47f2-8114-8ac25dd4555d;95ff4f94-2563-4b9e-8705-e3733f773863;TBC Gold;1;0.00;"{""delgoldfresh"":""Trade"",""factiongold"":""Horde"",""serverid"":""US Nightslayer – PvP"",""slider_config"":""Amount of Gold: 950"",""slider_value"":950}";2026-01-26 21:37:14.250335+00
da3080e2-6dc1-4c34-b846-0904522a8d5c;dec7912f-721f-43d3-a8cf-03fa682c2297;9a7ceb21-f4e7-4092-ac09-b55d43c5b5e9;Badge of Justice;1;1.00;"{""slider_config"":""Badges of Justice: 3"",""slider_value"":3}";2026-01-26 22:11:36.186748+00
8a2de596-347d-4c43-a183-a7c56a29f875;9d1778bb-e61e-44e8-9e07-81ca2b9d8870;9a7ceb21-f4e7-4092-ac09-b55d43c5b5e9;Badge of Justice;1;1.00;"{""slider_config"":""Badges of Justice: 3"",""slider_value"":3}";2026-01-26 22:19:28.306603+00
073ba58e-07d7-4197-9b86-7caa879b3427;a2bb182d-5916-4359-b9cb-5144cba8bcc7;f011818c-6aff-4fbd-9b03-33afe3546522;Preraid Gear;1;1.00;"{""bmgear"":""Pilot"",""prgeartype"":""Full Heroic Gear"",""prregion"":""EU""}";2026-01-26 22:21:45.332295+00
91ff8dff-0052-4b96-9813-a55592d31dbe;4e9c58f3-d6e7-4292-895b-acf454a9fc4e;6527407f-41c5-4fbc-8dbb-2adde1e61ccb;WoW Gold;1;0.00;"{""factiongoldretail"":""Alliance"",""regionwowgold"":""NA"",""slider_config"":""K / Gold: 7000"",""slider_value"":7000}";2026-01-28 03:22:56.038367+00
9fbfd315-ae84-44af-9ea8-740fbd29a71a;33ce5f5e-9e83-4fc2-9d8a-18bf4529b13f;58aad526-c357-4a77-9ead-c9b83004fdf9;TBC Powerleveling;1;0.00;"{""bmtbv"":""Pilot"",""classtbc"":""Warrior"",""expresslvl"":""Standard Speed"",""slider_end"":70,""slider_range"":""Start Level: 58 - End Level: 70"",""slider_start"":58,""tbclvlreg"":""NA""}";2026-01-28 03:38:55.544608+00
76bfd9b3-d223-4b32-bc84-999f83265feb;c0b8d14e-6cc9-4e29-8001-63bdebb605e9;d4ad92b3-5ec2-410d-b983-17fc30265814;FFXIV Gil;1;0.00;"{""deldetailsff14"":""Balmung; Ren Aihara"",""ff14region"":""NA"",""slider_config"":""K / Gil: 110000"",""slider_value"":110000}";2026-01-30 08:55:33.458827+00
ed147de9-2d33-4c1b-8f5c-70cd487dc82c;62aaa745-3f98-43d3-904b-856fd68991b1;aba8d745-7aaa-415e-a0b3-58fdb08b2c81;Manaforge Omega Mythic;1;0.44;"{""atpmythic"":""Choose option"",""bossid"":""8/8 Bosses + Mount"",""mythicbm"":""Selfplay"",""regionmythic"":""EU""}";2026-01-30 15:19:27.807888+00
c4262ca5-37dd-4951-9000-30b8da0342be;629f3d1c-5ec1-4360-969b-b3003cad955d;f8fbcbf5-4891-4734-9eba-2d55561d33b3;Honor Farming;1;0.00;"{""bmhonortb"":""Pilot"",""rgtbc"":""EU"",""slider_config"":""Honor: 69000"",""slider_value"":69000}";2026-01-30 22:30:27.679366+00
5b6ed9aa-5551-4fb9-bee2-82a6bff580da;a33fe35f-baf0-4433-ae63-f5a71f31b4fe;58aad526-c357-4a77-9ead-c9b83004fdf9;TBC Powerleveling;1;0.00;"{""bmtbv"":""Pilot"",""classtbc"":""Rogue"",""expresslvl"":""30% Faster"",""slider_end"":70,""slider_range"":""Start Level: 60 - End Level: 70"",""slider_start"":60,""tbclvlreg"":""NA""}";2026-01-31 21:57:26.787194+00
241652c8-0df7-4891-b14c-72853eb3ae30;7d54f16a-60dc-4e23-9610-40380be77b16;58aad526-c357-4a77-9ead-c9b83004fdf9;TBC Powerleveling;1;0.00;"{""bmtbv"":""Pilot"",""classtbc"":""Rogue"",""expresslvl"":""30% Faster"",""slider_end"":70,""slider_range"":""Start Level: 60 - End Level: 70"",""slider_start"":60,""tbclvlreg"":""NA""}";2026-01-31 22:20:10.402554+00
7af6d2f2-7f78-40da-b8f1-bdee2d1ea524;ed9695e4-6036-45aa-adff-f16227e8a312;95ff4f94-2563-4b9e-8705-e3733f773863;TBC Gold;1;0.00;"{""delgoldfresh"":""Auction House"",""serverid"":""US Dreamscythe Alliance"",""slider_config"":""Amount of Gold: 1000"",""slider_value"":1000}";2026-02-01 15:43:42.232683+00
324485ec-224b-45d2-9973-55cd0aac3bf6;dda6baa7-8891-47f6-9dc7-1c671faddaab;95ff4f94-2563-4b9e-8705-e3733f773863;TBC Gold;1;0.00;"{""delgoldfresh"":""Trade"",""serverid"":""EU Spineshatter Horde"",""slider_config"":""Amount of Gold: 3000"",""slider_value"":3000}";2026-02-02 11:00:46.165617+00
ae9cda0e-f688-4adc-837e-fe34c148c82c;5df8ced3-b0da-497d-b87b-83df7de34a1b;95ff4f94-2563-4b9e-8705-e3733f773863;TBC Gold;1;0.00;"{""delgoldfresh"":""Trade"",""serverid"":""US Nightslayer Alliance"",""slider_config"":""Amount of Gold: 750"",""slider_value"":750}";2026-02-02 13:20:21.812695+00
816bc000-2cf3-4be1-833c-8e9026a0f9b6;69314f6a-a33a-4622-8927-bd79e8003442;95ff4f94-2563-4b9e-8705-e3733f773863;TBC Gold;1;0.00;"{""delgoldfresh"":""In-Game Mail"",""serverid"":""EU Spineshatter Alliance "",""slider_config"":""Amount of Gold: 1000"",""slider_value"":1000}";2026-02-02 20:56:15.485373+00
6d71c22b-5c4f-4d45-945d-84414d81aa30;9a579582-4ef5-49a2-8a66-74415e6aaa5d;95ff4f94-2563-4b9e-8705-e3733f773863;TBC Gold;1;0.00;"{""delgoldfresh"":""In-Game Mail"",""serverid"":""EU Spineshatter Alliance "",""slider_config"":""Amount of Gold: 1000"",""slider_value"":1000}";2026-02-02 20:57:48.868404+00
43936e21-30a5-4898-beff-a3859dd519de;4c434253-ba4d-4c6e-8ed2-ee125abc2acb;95ff4f94-2563-4b9e-8705-e3733f773863;TBC Gold;1;0.00;"{""delgoldfresh"":""Trade"",""serverid"":""US Nightslayer Alliance"",""slider_config"":""Amount of Gold: 1000"",""slider_value"":1000}";2026-02-02 23:39:39.613078+00
14eae5cf-ab6c-4498-be87-ac64b1c03153;958424e6-b86c-4d56-a1ab-2a3929fd1b1e;893023a5-220d-4c92-8145-aef2d8cde98d;Mining;1;0.00;"{""region"":""EU"",""slider_end"":300,""slider_range"":""Start Value: 261 - End Value: 300"",""slider_start"":261}";2026-02-04 13:28:01.350089+00
dcced9ec-84c1-46ee-a486-89b7a904cb94;958424e6-b86c-4d56-a1ab-2a3929fd1b1e;01d53c93-97a6-4957-a86f-5cfa2b16b8f5;Engineering ;1;0.00;"{""region"":""EU"",""slider_end"":300,""slider_range"":""Start Value: 215 - End Value: 300"",""slider_start"":215}";2026-02-04 13:28:01.350089+00
d77e5a72-1e0a-479d-a0d8-676381854255;d210651a-7d6f-4fb4-9864-539ea2ade626;58aad526-c357-4a77-9ead-c9b83004fdf9;TBC Powerleveling;1;0.00;"{""bmtbv"":""Pilot"",""classtbc"":""Warrior"",""expresslvl"":""Standard Speed"",""slider_end"":70,""slider_range"":""Start Level: 60 - End Level: 70"",""slider_start"":60,""tbclvlreg"":""NA""}";2026-02-04 18:08:44.415964+00
cb976cef-1f6a-4099-825d-e2156c7c6076;24454355-93d9-4f72-a13a-27d1a1e3ed1f;58aad526-c357-4a77-9ead-c9b83004fdf9;TBC Powerleveling;1;0.00;"{""slider_end"":70,""slider_range"":""Start Level: 60 - End Level: 70"",""slider_start"":60}";2026-02-05 09:45:06.840141+00
2d4e26ee-33af-4606-a7f5-577456c21ef5;523ed52b-521a-4fdc-ae20-c49b9382405b;ce498e92-cf8d-4029-915a-12b05073e14c;Manaforge Omega Heroic Lootshare;1;0.00;"{""boostm"":""Selfplay"",""full loot"":""15 Unsaved Players"",""lootopt"":""Choose option"",""reloots"":""EU""}";2026-02-06 14:06:38.980597+00
3cd9f7b1-5fda-4fce-9253-cd182a31bab8;13884e99-d778-4d3a-8f06-3b9b3f3e755f;6527407f-41c5-4fbc-8dbb-2adde1e61ccb;WoW Gold;1;0.00;"{""deldetails"":"".aokai"",""factiongoldretail"":""Alliance"",""regionwowgold"":""NA"",""slider_config"":""K / Gold: 10000"",""slider_value"":10000}";2026-02-07 13:33:51.571316+00
a73cf96e-53cc-45d5-9711-b0b9e9a1da4d;7b8c62c7-c0b4-49cf-9846-385a1e48064f;58aad526-c357-4a77-9ead-c9b83004fdf9;TBC Powerleveling;1;0.00;"{""bmtbv"":""Pilot"",""classtbc"":""Paladin"",""expresslvl"":""30% Faster"",""slider_end"":70,""slider_range"":""Start Level: 58 - End Level: 70"",""slider_start"":58,""tbclvlreg"":""NA""}";2026-02-07 15:22:26.818775+00
0ee29712-7b3a-4fa6-be9f-27d14f59e724;35a3848d-30ee-42e7-96d6-380a9113772f;95ff4f94-2563-4b9e-8705-e3733f773863;TBC Gold;1;0.00;"{""delgoldfresh"":""Auction House"",""delgoldfreshdetails"":"""",""serverid"":""US Nightslayer Horde"",""slider_config"":""Amount of Gold: 9850"",""slider_value"":9850}";2026-02-07 23:00:56.88797+00
4c2e05d8-f87c-4a5a-a121-989921ce01fe;37fcc4db-a38f-46a6-b83d-e0361d390c67;58aad526-c357-4a77-9ead-c9b83004fdf9;TBC Powerleveling;1;0.00;"{""bmtbv"":""Pilot"",""classtbc"":""Mage"",""expresslvl"":""30% Faster"",""slider_end"":70,""slider_range"":""Start Level: 64 - End Level: 70"",""slider_start"":64,""tbclvlreg"":""NA""}";2026-02-07 23:09:18.348582+00
3207b216-077c-4f79-8295-8c38d178e318;d13ba24e-33de-484d-a190-4b67ed0f80da;58aad526-c357-4a77-9ead-c9b83004fdf9;TBC Powerleveling;1;0.00;"{""bmtbv"":""Pilot"",""classtbc"":""Mage"",""expresslvl"":""30% Faster"",""slider_end"":70,""slider_range"":""Start Level: 64 - End Level: 70"",""slider_start"":64,""tbclvlreg"":""NA""}";2026-02-07 23:10:43.944689+00
fd63c9ca-c2fd-4cd9-9790-b0eb7e4e1984;1ce7491d-d3e2-4c3c-b272-fccafe28e90a;49896428-e437-4281-8799-897d2697f22a;Karazhan Attunement;1;104.99;"{""karabm"":""Pilot"",""karareg"":""EU""}";2026-02-08 08:21:37.063522+00
e5ae96bf-fe23-4033-9fa1-0d3d7d34fe2c;925f0f12-1fd5-4b7c-9940-67182f9d0dcb;95ff4f94-2563-4b9e-8705-e3733f773863;TBC Gold;1;0.00;"{""delgoldfresh"":""Guild Bank"",""serverid"":""US Dreamscythe Alliance"",""slider_config"":""Amount of Gold: 5000"",""slider_value"":5000}";2026-02-08 15:12:43.517511+00
da0599ad-9b8b-4139-8760-7cc48861f348;22dec4de-ff98-4b80-9582-d83b155d0309;58aad526-c357-4a77-9ead-c9b83004fdf9;TBC Powerleveling;1;0.00;"{""bmtbv"":""Pilot"",""classtbc"":""Warlock"",""expresslvl"":""Standard Speed"",""slider_end"":70,""slider_range"":""Start Level: 60 - End Level: 70"",""slider_start"":60,""tbclvlreg"":""EU""}";2026-02-09 08:53:04.396429+00
a2f8e4a1-4397-438d-8688-bca56c0d61b5;f9000086-74a6-4daa-acb8-4b62e7baec07;58aad526-c357-4a77-9ead-c9b83004fdf9;TBC Powerleveling;1;0.00;"{""bmtbv"":""Pilot"",""classtbc"":""Hunter"",""expresslvl"":""Standard Speed"",""slider_end"":70,""slider_range"":""Start Level: 60 - End Level: 70"",""slider_start"":60,""tbclvlreg"":""EU""}";2026-02-09 09:42:26.951101+00
3e0e0ade-a652-4db5-bbca-26128a61a7a1;264537d1-6622-45dc-aec6-b1fc6fcdb933;;Nexus-Princess Ky'veza Challenge;1;0.00;"{""ad-690+ ilvl"":false,""ad-Brann leveling to 60"":false,""ad-Unlock ?? challenge tier "":false,""boost"":""Pilot"",""boostop"":""Let Me Solo Her: Nexus-Princess Ky'veza"",""reg"":""NA""}";2026-01-16 14:21:24.840345+00
54e707a0-da17-4b38-8ada-e013a1e361aa;35d74a4e-a5f3-40ec-b77c-1eb115867612;;Rank 14 PvP Set;1;29.00;"{""bmr14tbc"":""Pilot"",""regionr14tbc"":""EU"",""settype"":""Epic Set + Epic Weapon""}";2026-01-18 21:12:42.006507+00
1b8cede1-246e-4f13-b84d-69894f423b4a;59262c83-9067-4200-bcb5-d02e651ef7eb;;Rank 14 PvP Set;1;29.00;"{""bmr14tbc"":""Pilot"",""regionr14tbc"":""EU"",""settype"":""Rare Set + Epic Weapon""}";2026-01-22 12:42:59.461742+00
f815ecb3-a1b6-4b3c-acd6-8f217b4ef40f;01d6deb9-8653-43f1-8f39-175a34c3c291;58aad526-c357-4a77-9ead-c9b83004fdf9;TBC Powerleveling;1;0.00;"{""bmtbv"":""Pilot"",""classtbc"":""Warlock"",""expresslvl"":""Standard Speed"",""faction"":""Scryer"",""slider_end"":70,""slider_range"":""Start Level: 62 - End Level: 70"",""slider_start"":62,""tbclvlreg"":""NA""}";2026-02-10 00:10:57.308641+00
017857e0-3c72-414f-8b38-08c605f8797c;7a2c7ba5-9e11-4fa5-b0fc-b05cb7d042a9;95ff4f94-2563-4b9e-8705-e3733f773863;TBC Gold;1;0.00;"{""delgoldfresh"":""Auction House"",""serverid"":""US Nightslayer Horde"",""slider_config"":""Amount of Gold: 3500"",""slider_value"":3500}";2026-02-10 01:09:41.342986+00
2ebbaaad-ab79-4c81-9c3b-a29444d1ef4a;4e9b9fe8-6424-476a-8558-e56850ec9d79;58aad526-c357-4a77-9ead-c9b83004fdf9;TBC Powerleveling;1;0.00;"{""bmtbv"":""Pilot"",""classtbc"":""Warrior"",""expresslvl"":""30% Faster"",""faction"":""Scryer"",""slider_end"":70,""slider_range"":""Start Level: 62 - End Level: 70"",""slider_start"":62,""tbclvlreg"":""NA""}";2026-02-10 01:51:34.198923+00
7d751426-e4c3-43b6-ab5c-e9fb3a16e91f;5240a84a-0800-40ee-b042-e9f4f4233a48;95ff4f94-2563-4b9e-8705-e3733f773863;TBC Gold;1;0.00;"{""delgoldfresh"":""Trade"",""serverid"":""EU Spineshatter Alliance "",""slider_config"":""Amount of Gold: 2300"",""slider_value"":2300}";2026-02-10 13:35:27.132697+00
071c1000-cb69-4ece-8418-a80bf65511de;b9b6a6b1-4d6d-4112-966e-4a77f7bab5c7;95ff4f94-2563-4b9e-8705-e3733f773863;TBC Gold;1;0.00;"{""delgoldfresh"":""Auction House"",""serverid"":""US Nightslayer Alliance"",""slider_config"":""Amount of Gold: 4200"",""slider_value"":4200}";2026-02-10 14:43:23.377585+00
84a49bdb-06d5-4f7e-a5cc-bb2c9166ca50;e4a9c986-53d2-4c38-9499-1038fb65c432;58aad526-c357-4a77-9ead-c9b83004fdf9;TBC Powerleveling;1;0.00;"{""bmtbv"":""Pilot"",""classtbc"":""Shaman"",""expresslvl"":""30% Faster"",""faction"":""Aldor"",""slider_end"":70,""slider_range"":""Start Level: 60 - End Level: 70"",""slider_start"":60,""tbclvlreg"":""NA""}";2026-02-10 20:59:46.836286+00
154288d4-b672-4e35-80f2-188ccd62bcb6;39038997-309c-4956-b371-dd58b0be0c60;58aad526-c357-4a77-9ead-c9b83004fdf9;TBC Powerleveling;1;0.00;"{""bmtbv"":""Pilot"",""classtbc"":""Warlock"",""expresslvl"":""Standard Speed"",""faction"":""Scryer"",""slider_end"":70,""slider_range"":""Start Level: 60 - End Level: 70"",""slider_start"":60,""tbclvlreg"":""NA""}";2026-02-11 01:04:28.984046+00
61de4b4d-be12-4045-a86b-479e807fda77;1c4519cd-4159-4911-a2a0-bfabbbdc20c1;95ff4f94-2563-4b9e-8705-e3733f773863;TBC Gold;1;0.00;"{""delgoldfresh"":""Auction House"",""serverid"":""US Nightslayer Alliance"",""slider_config"":""Amount of Gold: 2000"",""slider_value"":2000}";2026-02-11 01:08:49.137616+00
0255126f-f33d-4ba5-a689-d18f06b8efa6;942314aa-9351-4c48-8c5d-fd116e4ef6f8;58aad526-c357-4a77-9ead-c9b83004fdf9;TBC Powerleveling;1;0.00;"{""bmtbv"":""Pilot"",""classtbc"":""Druid"",""expresslvl"":""30% Faster"",""faction"":""Aldor"",""slider_end"":70,""slider_range"":""Start Level: 60 - End Level: 70"",""slider_start"":60,""tbclvlreg"":""NA""}";2026-02-11 02:03:08.10704+00
db741851-76f1-4068-b4e5-0d9e8c26389c;5869af8b-ec07-42f9-a8f4-5a9ee255603d;58aad526-c357-4a77-9ead-c9b83004fdf9;TBC Powerleveling;1;0.00;"{""bmtbv"":""Pilot"",""classtbc"":""Druid"",""expresslvl"":""Standard Speed"",""faction"":""Aldor"",""slider_end"":70,""slider_range"":""Start Level: 65 - End Level: 70"",""slider_start"":65,""tbclvlreg"":""NA""}";2026-02-11 04:44:27.55047+00
3aaff05d-2507-4621-bcb1-ccb4bc02b6ae;6c3d3210-19dd-45f4-9fcd-00eaf6d927ea;58aad526-c357-4a77-9ead-c9b83004fdf9;TBC Powerleveling;1;0.00;"{""bmtbv"":""Pilot"",""classtbc"":""Hunter"",""expresslvl"":""Standard Speed"",""faction"":""Aldor"",""slider_end"":70,""slider_range"":""Start Level: 60 - End Level: 70"",""slider_start"":60,""tbclvlreg"":""NA""}";2026-02-11 23:11:38.435168+00
62b06103-ee99-4ae9-9fc6-8dd980dd5e24;6c3d3210-19dd-45f4-9fcd-00eaf6d927ea;58aad526-c357-4a77-9ead-c9b83004fdf9;TBC Powerleveling;1;0.00;"{""bmtbv"":""Pilot"",""classtbc"":""Hunter"",""expresslvl"":""Standard Speed"",""faction"":""Aldor"",""slider_end"":70,""slider_range"":""Start Level: 60 - End Level: 70"",""slider_start"":60,""tbclvlreg"":""NA""}";2026-02-11 23:11:38.435168+00
0849b80b-abce-4d0d-99d2-818dfb65a476;a10ce915-4333-4180-b90d-850d6a8751c6;58aad526-c357-4a77-9ead-c9b83004fdf9;TBC Powerleveling;1;0.00;"{""bmtbv"":""Pilot"",""classtbc"":""Druid"",""expresslvl"":""30% Faster"",""faction"":""Aldor"",""slider_end"":70,""slider_range"":""Start Level: 60 - End Level: 70"",""slider_start"":60,""tbclvlreg"":""NA""}";2026-02-11 23:38:49.14941+00
3d6367c2-7964-4521-8e37-526e2d8b5526;a2e6ef10-c6cf-48ea-be82-d47cad4fe6ae;95ff4f94-2563-4b9e-8705-e3733f773863;TBC Gold;1;0.00;"{""delgoldfresh"":""Auction House"",""serverid"":""US Nightslayer Horde"",""slider_config"":""Amount of Gold: 3000"",""slider_value"":3000}";2026-02-12 01:11:01.343819+00
9469c003-7123-48f4-9fe2-5c782594f4a7;55c25c70-04ad-47b0-9d67-c6fb6f66ffad;58aad526-c357-4a77-9ead-c9b83004fdf9;TBC Powerleveling;1;0.00;"{""bmtbv"":""Pilot"",""classtbc"":""Mage"",""expresslvl"":""Standard Speed"",""slider_end"":70,""slider_range"":""Start Level: 61 - End Level: 70"",""slider_start"":61,""tbclvlreg"":""EU""}";2026-02-13 19:47:51.424401+00
ebb0083a-66af-4846-ba6c-4b060e2f1c92;27500d5d-d54c-4e52-90b3-81532853b73d;58aad526-c357-4a77-9ead-c9b83004fdf9;TBC Powerleveling;1;0.00;"{""bmtbv"":""Pilot"",""classtbc"":""Shaman"",""expresslvl"":""Standard Speed"",""faction"":""Aldor"",""slider_end"":70,""slider_range"":""Start Level: 65 - End Level: 70"",""slider_start"":65,""tbclvlreg"":""NA""}";2026-02-13 23:53:51.280496+00
86e94401-fcfe-4622-91ad-6d7e043e39fb;8ef8a059-fcae-4aae-b8a1-42849bb94522;58aad526-c357-4a77-9ead-c9b83004fdf9;TBC Powerleveling;1;0.00;"{""slider_end"":70,""slider_range"":""Start Level: 65 - End Level: 70"",""slider_start"":65}";2026-02-13 23:55:53.462089+00
1acf3ea8-41c5-4bbe-b2ee-ea11281af865;1c982d05-1a0e-46cc-91a2-f5e5550b1752;d4ad92b3-5ec2-410d-b983-17fc30265814;FFXIV Gil;1;0.00;"{""deldetailsff14"":""Gilgamesh - Aether, Name is Tyr Nunh"",""ff14region"":""NA"",""slider_config"":""Mil / Gil: 90000"",""slider_value"":90000}";2026-02-14 12:20:56.50772+00
7b4a125d-9965-4e7d-a3cf-86e1fdc1ad45;6592e198-71da-41d8-a568-b27eca06c47e;95ff4f94-2563-4b9e-8705-e3733f773863;TBC Gold;1;0.00;"{""delgoldfresh"":""Trade"",""delgoldfreshdetails"":""Huds"",""serverid"":""US Nightslayer Horde"",""slider_config"":""Amount of Gold: 4000"",""slider_value"":4000}";2026-02-14 14:43:08.153905+00
23b5ce01-bb47-44d1-b04b-5d39c2168bb8;2229297b-b978-4d31-9e95-ae1c08e82073;9a7ceb21-f4e7-4092-ac09-b55d43c5b5e9;Badge of Justice;1;1.50;"{""30% faster"":""30% Faster"",""boostmethod"":""Pilot"",""region"":""NA"",""slider_config"":""Badges of Justice: 66"",""slider_value"":66}";2026-02-15 06:50:52.705627+00
3f79a392-d6e5-4f02-bd3c-c437330f0890;0a7676a2-f208-4c38-a5ab-c320b3bbf45f;ce498e92-cf8d-4029-915a-12b05073e14c;Manaforge Omega Heroic Lootshare;1;0.00;"{""boostm"":""Selfplay"",""full loot"":""15 Unsaved Players"",""lootopt"":""Choose option"",""reloots"":""EU""}";2026-02-15 11:36:17.774781+00
cf117251-eb87-4297-bde9-95abd7e2fbe4;be7541c4-91f7-4d60-9750-31ceb5f88bd5;58aad526-c357-4a77-9ead-c9b83004fdf9;TBC Powerleveling;1;0.00;"{""bmtbv"":""Pilot"",""classtbc"":""Warlock"",""expresslvl"":""Standard Speed"",""faction"":""Scryer"",""slider_end"":70,""slider_range"":""Start Level: 61 - End Level: 70"",""slider_start"":61,""tbclvlreg"":""EU""}";2026-02-15 12:29:27.149357+00
8ed94e51-831f-471d-9f08-6bede44111af;33acd6d5-7bc0-449c-9a35-9d5ddf96b333;d4ad92b3-5ec2-410d-b983-17fc30265814;FFXIV Gil;1;0.00;"{""deldetailsff14"":""Light - Odin Deme tayuun"",""ff14region"":""EU"",""slider_config"":""Mil / Gil: 300000"",""slider_value"":300000}";2026-02-15 17:10:50.141835+00
25a8d64e-d817-4be1-b362-dc2cb55826a6;4d3b1b3f-0804-4492-b154-62d137a4ee4d;58aad526-c357-4a77-9ead-c9b83004fdf9;TBC Powerleveling;1;0.00;"{""bmtbv"":""Pilot"",""classtbc"":""Warlock"",""expresslvl"":""30% Faster"",""faction"":""Aldor"",""slider_end"":70,""slider_range"":""Start Level: 60 - End Level: 70"",""slider_start"":60,""tbclvlreg"":""NA""}";2026-02-15 19:11:55.088168+00
1f4c30d5-63f2-4207-aecd-f21b8742d80d;06d0d6be-0c60-471c-adc6-9f01a149216a;95ff4f94-2563-4b9e-8705-e3733f773863;TBC Gold;1;0.00;"{""delgoldfresh"":""Guild Bank"",""delgoldfreshdetails"":""Char name Junkalt. Guild name is Illillillillill"",""serverid"":""US Dreamscythe Alliance"",""slider_config"":""Amount of Gold: 3000"",""slider_value"":3000}";2026-02-15 22:08:58.49381+00
997d7152-364c-405b-96e3-b8282b234353;1daf21e0-bbf3-4716-803e-fb7ee8e2ef32;95ff4f94-2563-4b9e-8705-e3733f773863;TBC Gold;1;0.00;"{""delgoldfresh"":""In-Game Mail"",""delgoldfreshdetails"":""Locknin"",""serverid"":""US Dreamscythe Horde"",""slider_config"":""Amount of Gold: 2000"",""slider_value"":2000}";2026-02-16 12:51:33.412659+00
eb5c1e45-edcc-4f84-b9f1-b7fb4613e3f5;0447a754-8120-4f52-88d8-cb639e90f94f;95ff4f94-2563-4b9e-8705-e3733f773863;TBC Gold;1;0.00;"{""delgoldfresh"":""Trade"",""delgoldfreshdetails"":""Lilhuds"",""serverid"":""US Nightslayer Horde"",""slider_config"":""Amount of Gold: 4000"",""slider_value"":4000}";2026-02-16 13:38:39.960817+00