id;source_url;source_content;similarity_score;product_type;name;slug;short_description;description;how_it_works;requirements;game_id;category_id;meta_title;meta_description;meta_keywords;image_alt_text;tags;faqs;is_slider_product;slider_config;base_price;region_platform;unit;delivery_method;notes;status;created_by;created_at;updated_at
3bb11e49-b0a5-46c2-a745-fac1f8aa3350;https://mmonster.co/arc-raiders/scrappy-the-rooster;"/>


Close menu


[ARC Raiders](https://mmonster.co/widgets/menu/offcanvas?navigationId=0196e86e2fc77a79924d846fe0502055 ""Back"")

[Leveling](https://mmonster.co/arc-raiders/powerleveling)

- [Powerleveling](https://mmonster.co/arc-raiders/leveling ""Powerleveling"")
- [Quests](https://mmonster.co/arc-raiders/quests ""Quests"")
- [Workshop Leveling](https://mmonster.co/arc-raiders/workshop-leveling ""Workshop Leveling"")
- [Scrappy the Rooster](https://mmonster.co/arc-raiders/scrappy-the-rooster ""Scrappy the Rooster"")
- [Projects](https://mmonster.co/arc-raiders/expedition-project ""Projects"")
- [Trials](https://mmonster.co/arc-raiders/trials ""Trials"")
- [Merits](https://mmonster.co/arc-raiders/merits ""Merits"")

# ARC Raiders Scrappy the Rooster Boost

[Excellent\\
\\
99.33%  positive of \\
11,077  Reviews on](https://www.trustami.com/review/mmonster-rating)

Upgrade your workshop companion with our **ARC Raiders Scrappy the Roaster Leveling Boost**. Scrappy **periodically brings back materials**, but this **only works while you're 'topside'**. Our service will **level up your rooster**, making his passive farming much more efficient. Trust **MmonsteR** to maximize your material generation.

- [Service Includes](https://mmonster.co/arc-raiders/scrappy-the-rooster#description-tab-pane)
- [Requirements](https://mmonster.co/arc-raiders/scrappy-the-rooster#description-tab-pane-1)
- [Boost Options Explained](https://mmonster.co/arc-raiders/scrappy-the-rooster#description-tab-pane-2)
- [How It Works](https://mmonster.co/arc-raiders/scrappy-the-rooster#description-tab-pane-3)
- [About ARC Raiders Scrappy the Rooster Boost](https://mmonster.co/arc-raiders/scrappy-the-rooster#description-tab-pane-4)
- [FAQ](https://mmonster.co/arc-raiders/scrappy-the-rooster#description-tab-pane-5)

## Service Includes

- **🐔 ARC Raiders Scrappy the Roaster leveled to desired goal**
- **✨ Get a steady stream of materials from your Workshop Rooster**
- **👀 Our pros will spend hours** **topside** on your character, farming needed items for upgrades
- **🛡️ A safe, manual service** to boost your in-game buddy

## Requirements

- **ARC Raiders character**.

## Boost Options Explained

- **Piloted** \- Our booster will play on your character to complete **ARC Raiders Scrappy the Rooster** boost.
- **Default Priority** \- Standard task execution priority in regular mode.
- **Express Priority** \- High-priority task execution in an accelerated mode.

## How It Works

- 🐓 Select your desired **Scrappy the Roaster Level** and place your order to upgrade your companion.
- 💬 We assign a veteran Raider to you, an expert who knows the exact locations of all the **items** needed for his upgrades.
- 🗺️ Our pro goes on targeted loot runs, hunting down the specific **items** and **upgrade materials** required to level up Scrappy.
- 🔓 Your **Scrappy the Roaster is leveled up**, permanently increasing the **quality and quantity** of the free materials he finds for you while you play.
- ✅ You'll be notified as soon as your workshop companion is fully upgraded to the desired level.
- 🌟 Enjoy a better passive income of materials every time you play and leave us a review on [**Trustpilot**](https://www.trustpilot.com/review/mmonster.co).

## About ARC Raiders Scrappy the Rooster Boost

Maximize your passive income from the Workshop with our **ARC Raiders Scrappy the Roaster Leveling Boost**. Scrappy is your loyal rooster companion who periodically brings you ""dubiously-sourced materials."" This service is designed to **level up Scrappy**, which permanently increases the quantity and quality of the resources he finds for you while you are playing.

### **Why Leveling Scrappy Matters**

Leveling up your companion is the key to maximizing your resource farm with zero effort. As the description notes, Scrappy only works while you're topside (actively playing the game). A leveled-up Scrappy makes every minute you spend in a raid more profitable by:

- **Bringing back MORE materials:** A higher level increases the amount of resources Scrappy will find for you.
- **Bringing back BETTER materials:** Leveling up gives Scrappy a higher chance to find rare and valuable crafting components.
- **Maximizing Your Active Time:** Since he only works while you play, this upgrade ensures you are getting the best possible ""return on time"" for your raids.

### **What You Get with Our Companion Leveling Boost**

- **Your Scrappy the Roaster Leveled Up:** We will perform all the necessary actions, quests or item turn-ins required to level up Scrappy to your desired tier.
- **A Permanent Boost to Your Income:** This is a one-time upgrade that will benefit you for your entire ARC Raiders journey.
- **An Efficient and Fast Service:** Our boosters know the fastest and most effective methods to complete Scrappy's leveling process, saving you the grind.
- **All Loot Kept:** You keep all the currency, resources and gear acquired by our booster during the leveling process.

### **Why Choose MmonsteR for Your Companion?**

- 💪 Our boosters are **leveling experts** who have mastered the most efficient strategies to upgrade your Workshop and companions.
- 🛡️ This service is **100% manual and secure**. We play legitimately on your character to ensure its safety at all times.
- 📞 Our **24/7 live support** is ready to help you with your order and provide progress updates on Scrappy's leveling.
- 🏆 With over **10 years of experience**, **MmonsteR** is the most reliable choice for all your character progression needs in ARC Raiders.

## FAQ

🐔 What is Scrappy in ARC Raiders?

Scrappy is the friendly rooster who lives in your Workshop. He provides a passive benefit by periodically finding and giving you ""dubiously-sourced materials"" **while you are actively in a raid**.

* * *

🤔 What does it mean to ""level up"" Scrappy?

You can permanently upgrade Scrappy's ""coop"" or ""perch"" in your Workshop. Leveling him up makes him more efficient. An upgraded Scrappy will **bring you more materials and rarer items** for every hour you spend playing the game.

* * *

🥵 How do I level up Scrappy?

Leveling up Scrappy is a hidden, endgame grind. It requires you to find a series of **rare, specific ""comfort"" items** in raids. These items have extremely low drop rates and must be extracted safely to be used for his upgrade.

* * *

👍 Why should I get a Scrappy Leveling Boost?

This is a one-time, permanent investment in your account's efficiency. By purchasing this boost, you skip the frustrating RNG grind for the rare upgrade items. An upgraded Scrappy **makes every single raid you play more profitable** for the rest of your time in the game.

* * *

More questions?

Simply contact us 🎧

Open Chat [![discord icon](https://mmonster.co/media/ed/39/2c/1690921306/discord-icon.svg)Join Discord](https://discord.gg/mmonster)

![Scrappy Leveling](https://mmonster.co/media/bd/c3/cf/1761803514/arc-raiders-workshop-leveling.webp)

EU €

US $


EU €


Select Platform


🖥️ PC


- 🖥️ PC

- 🎮 XBOX

- 🎮 Playstation

- Nothing found

- List is empty.

Play Method


Piloted

Selfplay

Select Current and Desired Level


—


1

2

3

4

5

1


2


Priority and completion time


![](https://mmonster.co/media/eb/cd/3d/1685313651/icons8-play-100.png)

Default Priority

![](https://mmonster.co/media/ce/88/8b/1685313651/icons8-fast-forward-100.png)

Express Priority

**Default Priority** means standard service execution time.

**1 Hour** average start time

**Flexible** order completion

Region


EU

US

€7.00

Add to Cart

3% cashback


2100

MmonsteR coins


1-click checkout

![](https://mmonster.co/media/21/40/13/1741077206/one-click-apple-pay.svg)![](https://mmonster.co/media/27/1e/16/1741077206/one-click-google-pay.svg)

€7.00

Add to Cart

QTY.:

€7.00

Add to Cart

![Visa](https://mmonster.co/media/72/97/1f/1754004269/visa_icon_white_2.svg)![MasterCard](https://mmonster.co/media/0b/f5/b6/1754005083/mastercard_icon_white_2.svg)![PayPal](https://mmonster.co/media/fc/4b/be/1754002061/Paypal-logo-white.svg)![Apple Pay](https://mmonster.co/media/ce/2a/3b/1754005212/apple_pay_icon_white_2.svg)![Google Pay](https://mmonster.co/media/38/53/c8/1754004159/google_pay_icon_white_2.svg)![Wise](https://mmonster.co/media/30/15/68/1754006920/wise_icon_white.svg)![Klarna](https://mmonster.co/media/c1/58/14/1754005083/klarna_icon_white.svg)![Crypto](https://mmonster.co/media/42/ed/f6/1754008286/crypto_icon_white_2.svg)![SEPA](https://mmonster.co/media/c1/f7/6f/1754008754/sepa_icon_white.svg)

![Flexibility Icon](https://mmonster.co/media/cd/4f/c4/1753998818/price_match_icon.svg)

Found cheaper? **We'll match the price**

![Flexibility Icon](https://mmonster.co/media/66/36/65/1753998818/have_a_progress_icon.svg)

Have progress? **We'll adjust the price**

![Chat Icon](https://mmonster.co/media/41/96/89/1753998818/chat_with_us_icon.svg)
Any questions? Chat with us


This website uses cookies to ensure the best experience possible. [More information...](https://mmonster.co/widgets/cms/1cb3746555b144d188f72a34e5aece15 ""More information"")

Configure

Accept all cookies


StripeM-Inner";6;multi_range;ARC Raiders Scrappy the Rooster Leveling Boost;arc-raiders-scrappy-rooster-leveling-boost;Boost your Scrappy the Rooster in ARC Raiders to unlock a continuous flow of valuable materials, making every in-game minute more rewarding. Skip the grind and supercharge your resource income with Misti!;"<h3>Unlock Scrappy's Full Potential with Misti!</h3><p>Say goodbye to the endless grind for crafting materials and hello to efficiency! Our ARC Raiders Scrappy the Rooster Leveling Boost ensures your loyal workshop companion reaches its peak potential, providing a steady stream of much-needed resources. Scrappy is more than just a charming rooster; he's your personal passive farm, diligently gathering items while you're out exploring the dangerous topside. Let our seasoned pros handle the tedious leveling process, so you can focus on the heart-pounding action that ARC Raiders delivers.</p><p>A higher-level Scrappy translates directly into more and better materials, maximizing the return on every minute you spend in-game. This isn't just about convenience; it's about optimizing your entire ARC Raiders experience. Whether you're a casual player looking to stockpile resources without the hassle or a dedicated Raider aiming for ultimate efficiency, our Scrappy boost is your secret weapon.</p><h3>What's Included</h3><ul><li>🐔 Your ARC Raiders Scrappy the Rooster leveled to your chosen rank.</li><li>✨ A consistent, enhanced flow of crafting materials from your Workshop companion.</li><li>👀 Our expert team dedicating time topside to efficiently farm necessary upgrade items.</li><li>🛡️ A secure, hand-played service to safely power up your in-game sidekick.</li></ul><h3>Requirements</h3><ul><li>An active ARC Raiders account and character.</li></ul><h3>Options</h3><h4>Play Method:</h4><ul><li><strong>Piloted:</strong> Our professional booster takes control of your account to complete the Scrappy leveling process quickly and efficiently.</li><li><strong>Selfplay:</strong> (Not applicable for this service as it requires account access for efficiency and safety).</li></ul><h4>Priority:</h4><ul><li><strong>Default Priority:</strong> Standard execution time for your service.</li><li><strong>Express Priority:</strong> Expedited service completion, getting you back to a super-charged Scrappy even faster.</li></ul><h3>How It Works</h3><p>Our process is designed for your convenience and peace of mind:</p><ol><li><strong>Choose Your Scrappy Level:</strong> Select the desired level for your rooster companion using our intuitive slider and finalize your order.</li><li><strong>Expert Assignment:</strong> We'll pair you with a veteran ARC Raiders booster who knows all the optimal farming spots and item locations.</li><li><strong>Targeted Farming:</strong> Our pro will expertly navigate the topside, gathering the specific items and rare upgrade materials needed for Scrappy's progression.</li><li><strong>Scrappy's Upgrade:</strong> Your rooster will be leveled up, permanently enhancing the quantity and quality of resources he scavenges for you.</li><li><strong>Completion Notification:</strong> You'll receive an instant notification once your beloved workshop companion reaches the desired level.</li><li><strong>Enjoy the Rewards:</strong> Dive back into ARC Raiders with a fully upgraded Scrappy, enjoying a constant stream of materials, and feel free to share your experience with a review!</li></ol><h3>About This Service</h3><p>The ARC Raiders Scrappy the Rooster Leveling Boost is your ticket to a more efficient and rewarding gameplay loop. Scrappy, your workshop's feathery friend, is designed to passively gather materials, but his true value shines when he's properly leveled. This service dramatically increases both the volume and rarity of materials he finds while you're active in the game.</p><h4>Why is a leveled Scrappy so crucial?</h4><p>Investing in Scrappy's levels means every minute you spend fighting raiders becomes more profitable. Since he only works when you're 'topside,' a boosted Scrappy ensures you're leveraging your playtime to its maximum potential. He'll consistently bring back:</p><ul><li><strong>More Materials:</strong> Higher levels mean a greater quantity of resources for all your crafting and upgrading needs.</li><li><strong>Better Quality:</strong> An upgraded Scrappy has a significantly increased chance to find those elusive, high-tier crafting components.</li><li><strong>Optimized Playtime:</strong> Make every expedition count by ensuring your passive income generator is performing at its peak during your active gameplay.</li></ul><p>With Misti, you're not just getting a service; you're gaining an advantage. We handle the time-consuming hunt for Scrappy's obscure upgrade items, letting you bypass the RNG frustration and jump straight to enjoying the benefits of a fully optimized workshop.</p>";<ol><li><strong>Choose Your Scrappy Level:</strong> Select the desired level for your rooster companion using our intuitive slider and finalize your order.</li><li><strong>Expert Assignment:</strong> We'll pair you with a veteran ARC Raiders booster who knows all the optimal farming spots and item locations.</li><li><strong>Targeted Farming:</strong> Our pro will expertly navigate the topside, gathering the specific items and rare upgrade materials needed for Scrappy's progression.</li><li><strong>Scrappy's Upgrade:</strong> Your rooster will be leveled up, permanently enhancing the quantity and quality of resources he scavenges for you.</li><li><strong>Completion Notification:</strong> You'll receive an instant notification once your beloved workshop companion reaches the desired level.</li><li><strong>Enjoy the Rewards:</strong> Dive back into ARC Raiders with a fully upgraded Scrappy, enjoying a constant stream of materials, and feel free to share your experience with a review!</li></ol>;<ul><li>An active ARC Raiders account and character.</li></ul>;343a0691-bfd7-46c8-8e37-3b7fe5194159;1e289898-c4fe-4644-b067-e80319ab1b0f;ARC Raiders Scrappy Rooster Leveling | Misti;Boost your ARC Raiders Scrappy the Rooster level with Misti's expert service! Enhance passive material gains and skip the grind, securing top-tier resources.;ARC Raiders, Scrappy the Rooster, Scrappy boost, Scrappy leveling, rooster leveling, ARC Raiders services, powerleveling, material farming, resource boost, character progression, ARC Raiders help, gaming services, Misti, PC, PSN, Xbox, pilot service, fast leveling, material grind, workshop companion, passive income, in-game boost, game services, secure, efficient, professional, level up, ARC Raiders game;A loyal rooster companion in ARC Raiders, Scrappy, being leveled up for enhanced material gathering;"[""ARC Raiders"",""Leveling"",""Scrappy"",""Materials"",""Boost""]";"[{""answer"":""Scrappy is your faithful avian companion residing in your workshop. He provides a passive benefit by periodically finding and delivering 'dubiously-sourced materials' to you while you are actively exploring the topside in raids."",""question"":""Who is Scrappy the Rooster in ARC Raiders?""},{""answer"":""Leveling up Scrappy makes him significantly more efficient. An upgraded Scrappy will bring you a greater quantity of materials and also has a higher chance to find rarer, more valuable items for every hour you spend playing the game."",""question"":""What are the benefits of leveling up Scrappy?""},{""answer"":""Our expert boosters know the specific, often hidden, rare 'comfort' items required for Scrappy's upgrades. They will actively farm these items in-game and ensure they are safely extracted and applied to level up your rooster companion."",""question"":""How does Misti level up my Scrappy?""},{""answer"":""This boost is a permanent investment in your in-game efficiency. It allows you to bypass the frustrating and often random grind for Scrappy's upgrade materials, instantly boosting your passive income and making every future raid more profitable."",""question"":""Why should I choose a Scrappy leveling boost?""},{""answer"":""Absolutely. Our service is 100% manual, with actual players expertly navigating your character. We prioritize account safety and legitimacy above all else, ensuring a secure and policy-compliant experience."",""question"":""Is this a safe service for my ARC Raiders account?""},{""answer"":""A leveled Scrappy brings back a variety of crafting materials. The higher his level, the more likely he is to find higher-tier, rarer components essential for advanced crafting and upgrades in ARC Raiders."",""question"":""What materials does a leveled Scrappy bring back?""},{""answer"":""For Piloted services, we recommend coordinating with your booster to avoid logging in during active service times to prevent any potential disruptions or delays. Communication is key!"",""question"":""Can I play on my account while the service is active?""},{""answer"":""Completion times vary based on the desired level range and selected priority. Our Express Priority option ensures the fastest possible completion, getting your Scrappy boosted in an accelerated timeframe."",""question"":""How quickly will my Scrappy be leveled?""},{""answer"":""This service is available for ARC Raiders players on PC, PlayStation, and XBOX platforms."",""question"":""Which platforms are supported for this service?""},{""answer"":""Yes, absolutely! All additional currency, resources, and any other loot acquired by our booster during the Scrappy leveling process will remain on your account."",""question"":""Will I keep any other loot or progress made during the boost?""}]";true;"{""default_from"":1,""default_to"":5,""from_label"":""Current Scrappy Level"",""max_value"":5,""min_value"":1,""slider_type"":null,""step"":1,""to_label"":""Desired Scrappy Level""}";1.99;pc psn xbox;level;pilot and selfplay;;draft;03765a40-f338-4035-a2ba-8928fff30834;2025-12-24 15:49:29.659712+00;2025-12-24 16:10:45.64276+00