id;platform_id;author_name;rating;title;content;is_verified;is_featured;review_url;posted_at;is_active;created_at;updated_at
eecb57bb-3225-4ff4-be04-7ce983f34e96;d94d98f5-3453-4196-b3f2-0b02263af136;Pibe;5;Very fast service and very response.;Very fast service and very response. They started immediately and delivered my boost quicker than expected. 5/5!;true;false;https://www.trustpilot.com/reviews/678d7e74d6a27efd5aa6a8ba;2025-01-20 00:00:00+00;true;2025-10-25 06:39:25.865163+00;2025-10-25 06:39:25.865163+00
8620d494-72b9-44a2-b164-ab216db1cd44;d94d98f5-3453-4196-b3f2-0b02263af136;Jake;5;Excellent Service at Great Prices!;"Excellent Service at Great Prices!

I recently worked with MistiServices, and I couldn’t be happier with the experience. The quality of their work is outstanding, and their attention to detail truly sets them apart. On top of that, their prices are very reasonable, making them a fantastic choice for anyone looking for top-notch services without breaking the bank.

Highly recommend MistiServices to anyone who values excellent work and great value!";true;false;https://www.trustpilot.com/reviews/6755a5dd6e36f3aec7c04e3c;2024-12-08 00:00:00+00;true;2025-10-25 06:40:47.893152+00;2025-10-25 06:40:47.893152+00
bfc75080-e53d-4103-b8ae-2f9039294191;d94d98f5-3453-4196-b3f2-0b02263af136;Joe;5;Helpful and willing to give assistance;Helpful and willing to give assistance the whole way, I will probably be using them again;true;false;https://www.trustpilot.com/reviews/6969467a49cc95132ac60922;2026-01-15 00:00:00+00;true;2026-01-16 21:55:53.28045+00;2026-01-16 21:55:53.28045+00
a61161c4-5858-4d3c-89a0-edfb71ad54ee;d94d98f5-3453-4196-b3f2-0b02263af136;hide;5;10/10 Amazing customer support;10/10 Amazing customer support + communication thank you so much! Love the fact that can text a human on WhatsApp will be coming back;true;false;https://www.trustpilot.com/users/69577ea6d7ccaa7b43862820;2026-01-02 00:00:00+00;true;2026-01-16 21:56:59.678858+00;2026-01-16 21:56:59.678858+00
3407fa11-ec3b-4b78-9254-f2192ec8e580;d94d98f5-3453-4196-b3f2-0b02263af136;Justin Stewart;5;Always fast and reliable;Always fast and reliable! A+ Work;true;false;https://www.trustpilot.com/users/6955671e3d98f0cdd610b577;2026-01-16 00:00:00+00;true;2026-01-16 21:57:36.052724+00;2026-01-16 21:57:36.052724+00
c24987d1-26b1-43e5-9869-a24d11568340;d94d98f5-3453-4196-b3f2-0b02263af136;John Oh;5;Great personalized service;Responds fast with custom quotes, tips and tricks. Actually says no if something is not a good idea instead of just taking your money.;true;true;https://www.trustpilot.com/users/69769b5f4698840e4773a9e0;2026-01-26 00:00:00+00;true;2025-10-21 09:42:45.339209+00;2026-02-03 12:00:40.298707+00