id;user_id;role;created_at
b58c2f02-1f08-4196-943b-d59895af0232;39387b0e-f0f4-4fb4-9af6-3f0885460e1b;user;2025-10-03 13:46:29.068521+00
f0aad44b-a639-4acf-b436-bdbe145c875e;a6d2533b-55c1-4712-843a-9da6b32d60bb;user;2025-10-06 07:48:45.500406+00
a877e671-e695-402b-aa31-415deebe2d06;99d7d846-6b99-42c0-88ef-80bb978f2a0d;user;2025-10-07 07:34:09.141988+00
e0b8738a-f13d-4ea6-afe6-a21b691d590e;03765a40-f338-4035-a2ba-8928fff30834;user;2025-10-21 10:39:05.566518+00
a61fa2a2-5891-4b84-bc13-1761dcafbee6;03765a40-f338-4035-a2ba-8928fff30834;admin;2025-10-21 10:43:31.779995+00
d5bb8fc1-7c83-41e9-b131-3fa03c5752df;2014c309-8ddc-4555-b7e1-8a7472a9a7aa;user;2025-10-21 15:04:42.562923+00
46f00b84-e005-4006-b113-7e4563e973ee;bcdda821-c04e-4c68-981b-15920280b6d2;user;2025-10-26 12:59:09.057013+00
58810c71-1db0-48a2-a361-a1b8bfdfa79c;8e8a8671-75ec-42b2-abe3-5875e5822a11;user;2025-11-09 15:23:13.119586+00
71385a5c-3392-4c9e-b6b6-4cdcd5401e87;cf79fbdb-bfd6-4e91-a3ac-19506b995cb1;user;2025-11-19 19:33:17.053043+00
337b9ab7-10cb-4966-9832-977f9d018728;414faa71-0638-47b7-9ff5-4dbbdf7cabbf;user;2025-11-21 17:14:46.260552+00
27ffc63f-0f2d-40c3-bb0e-a9670e6a5c17;8cd3cab5-758f-43a8-9304-785fb78fc446;user;2025-11-22 00:20:50.024353+00
38397bc1-9706-4b8b-af06-7ad4d8f6e710;409584dd-b486-42b8-84bb-0195fd48df3c;user;2025-11-23 16:49:48.389617+00
e91844b5-3cbc-4baa-bb7e-a1f52e146e89;26c2d3ef-83f1-40c2-bd53-fc2e30ca7f87;user;2025-11-23 18:04:26.498767+00
a9297260-099a-46b3-a52b-25f29d0c3300;d04044c4-bfad-4c60-a361-cc30266fe311;user;2025-11-23 21:12:16.109867+00
59fb70e7-b3a5-41d4-a07b-875af55740a4;ba1422b5-8911-43bb-b075-114d38ed0546;user;2025-11-23 22:30:18.114226+00
1c0a30f7-c26c-4f03-8413-9e8a2a14fe29;44d23aa4-9329-426b-b7af-7d7e2bfbcf34;user;2025-11-25 23:14:49.862893+00
543adabb-9f0d-47e9-903c-087a92d4f168;dfb6da1c-993f-488b-a968-893a23905be5;user;2025-11-26 18:38:58.013495+00
4f3013be-c843-4340-958a-dc16d8bf4ca2;4dee4c62-89bb-460c-be5c-e36a4d0fd4c7;user;2025-11-28 19:09:26.047541+00
f610ab4d-1663-46a9-b36e-3a3fe39cc5ba;b9292426-03e0-4dcf-97fd-8e105b8b760d;user;2025-11-29 23:17:25.68208+00
bed1ccf3-e5e5-45e4-a9e8-d708c60dd2f9;bbf97561-98f7-4267-9c64-a7a5d556fedf;user;2025-12-03 05:16:39.879757+00
1e8fd109-a871-4eb1-a48c-18d395b89b5b;8dfd7ff6-5bb5-4c09-be1d-bde4d789a622;user;2025-12-03 15:34:17.537043+00
8ec6f5d1-8d29-42b1-91ef-a2c1521b9490;5dfdd097-21e3-4b86-a75e-de6de3f0d590;user;2025-12-05 20:18:39.584989+00
7b73992f-54ba-42c7-99d0-0279b95197f7;0782264c-5102-4616-8bdc-81477723eff7;user;2025-12-07 07:12:09.288677+00
8802a945-7394-43a6-a3e5-b3e41f9083db;b4fce6d2-10b7-4498-889a-abf71eba398c;user;2025-12-08 15:03:40.822778+00
85330c50-5418-4b7e-86c0-c33f858de176;3ce46b3a-17cc-4ea4-9a40-28c8877602d9;user;2025-12-08 15:17:48.321096+00
866b9da8-88be-464a-b419-3a1de3eeea6a;45463f52-9b20-4859-8626-1680cc569f3a;user;2025-12-08 19:00:49.642247+00
e8469651-9f2d-4793-b080-88efee30abf2;167ed024-20cc-484b-8c8a-1e53f89f104c;user;2025-12-09 08:38:11.361646+00
422feea8-1dc2-492b-a747-412aac16b86f;7832fe0c-6cd8-4647-b691-14f2780904c2;user;2025-12-09 16:59:59.882643+00
ed589389-5dcf-48c0-8db3-144df9bc0824;b9636cbe-c011-4419-b541-d326b6c75bf9;user;2025-12-11 03:58:38.55181+00
2f5c3e5a-f94e-4086-925c-f30365470671;54afff12-6906-4281-97d5-3523047875d4;user;2025-12-11 21:26:12.920102+00
5e40a4c4-1513-4349-8e4f-92867f248030;9da19073-67ce-4e33-b4b5-b040794abd6f;user;2025-12-13 19:01:13.072482+00
4c22f671-1ba2-4bc9-9b3b-68cc7c55b51f;caf282b8-d1c7-4ff6-b982-55f8c027d9fc;user;2025-12-14 08:37:54.570221+00
b5b7e0b4-6e9c-4ef2-937d-8af465e30e30;c5448afd-e25e-491f-a179-f7904cb08340;user;2025-12-15 19:58:47.646528+00
0a44be14-8049-47e9-86c2-f1d8d04f1d69;eefa38d8-1c59-4129-8d9f-5928cab81e14;user;2025-12-15 22:38:59.347842+00
68944328-0f3f-4e40-a21f-4bfdd7d93a59;b10ec503-8a98-407c-8cb5-173dd03ec9db;user;2025-12-17 08:07:16.410709+00
13b5f002-37c8-4d17-8761-405c82d4c0a6;237c0bc4-a7b2-41b1-9abb-9bb2b8dacf62;user;2025-12-19 20:38:57.604241+00
8039db69-159c-477d-90f3-88953be49eac;e72e8ad6-4f84-48ec-b0ed-069010004d1a;user;2025-12-21 06:34:55.789439+00
b9e85eff-2ca2-40f2-a5b5-98c52898d068;857f40f9-1f69-4d5f-ae9f-688aa81abe93;user;2025-12-21 18:42:22.359745+00
48eabb47-eda9-4f8d-8535-2f6a1e31adbf;aba95b65-1c5c-4e1f-980d-40795185b1ba;user;2025-12-24 17:55:30.769834+00
1ea22372-6d6b-4eaf-840e-89dc5eae5509;52a13f29-8c60-4238-af31-405c058ed908;user;2025-12-24 20:09:26.520549+00
b9117bf3-5259-4662-834b-698eb9994a7e;1e66ccf6-ec5d-4c84-81f4-c413a8b845ff;user;2025-12-27 18:17:35.093278+00
de2ac9c3-2c13-4610-93e9-c5ddd343bd95;27178dce-89d9-45eb-8964-298381e92717;user;2025-12-28 13:42:03.443386+00
2546f0c4-1063-4bdc-8a11-6fe0fbd0668e;9c40e006-3844-4ebc-ad74-53c31a301554;user;2025-12-31 17:53:09.574332+00
a256c2b5-1cf3-4432-9672-6618e04807c1;edaca589-ebf7-40db-abd6-1c9691342c4c;user;2025-12-31 19:00:57.308025+00
22d8efe1-99a8-4d6d-81f2-47194f4d25ed;88bbd566-f8bb-44e8-bcd9-e48792da97a7;user;2025-12-31 19:07:31.038966+00
1fcdaf25-2fc1-4663-8ed8-4abca6fc1f7e;083b0968-8be5-4f6f-a68c-184f2e6a22f7;user;2026-01-02 01:10:21.978696+00
10b294e8-9010-47ab-8652-1e62cf1f44f1;eadbe367-300a-4f34-9e8c-ce525cdecaf3;user;2026-01-02 11:49:48.663709+00
cb762c0b-98c1-4741-832a-6b3f9b33d4d4;3dc45174-7661-4a86-9886-ecfdc8e6cbd2;user;2026-01-02 13:16:53.563548+00
1d91de2b-2c57-4c63-84f5-84b4d54a75a3;7995856c-8844-4c58-88cc-31ff8b56d3fa;user;2026-01-04 11:48:39.419712+00
dfc3eecc-b063-48b0-b509-dc1dd8302577;976a841e-6aa8-4305-a10c-68143ee92fb2;user;2026-01-04 15:51:47.433325+00
d455b195-ea09-490f-8157-b6d42fe8600d;620f66b2-5fcb-463a-95d9-32fd4f99d682;user;2026-01-05 18:30:51.635142+00
7395150f-a44d-4017-b24b-31dbd4ef4f8f;3f604934-b12a-410a-a43b-b07b63fabaae;user;2026-01-05 18:37:10.266805+00
10b995b6-b3c7-4df0-b3f3-58b3816e9e03;146f4a71-90ff-45cb-ace2-93f6a0777b10;user;2026-01-11 00:38:45.194774+00
55b144c3-6ac1-47ee-9c40-d5db5f2d24f0;f1550fd3-e7c6-4054-97cf-e99a6044af50;user;2026-01-11 19:33:12.361325+00
80f80665-7637-45b0-901e-e6984d96a77b;e63dceb8-37e4-4a24-a7f7-a7e246df4363;user;2026-01-12 20:30:20.145007+00
4c97522a-e04c-4dc0-a7a9-42dbc7a21d31;91ab17b3-acd6-4ca4-a89a-a4148d539c6d;user;2026-01-13 21:40:14.062474+00
1899f5d2-70a1-4589-b453-f8958fe8272b;57b6f869-0c72-4f0c-8b60-6ccd50ae2869;user;2026-01-14 14:42:06.846644+00
735c8fae-a6e9-42bf-8710-136fd5b83a07;e7fd2068-5c03-477a-a05c-6ab6f34719c4;user;2026-01-14 15:44:35.406396+00
270025cc-6918-4b2d-9e24-43355cd41f1e;fe4febaa-2969-4aae-92a4-1bf3c890d75d;user;2026-01-16 14:20:36.012137+00
14d9ae34-f323-42e8-a4b0-ca3262f52489;f163edbe-9ff3-4c0d-8e1c-1416fa8a2bc8;user;2026-01-16 20:09:41.830072+00
ed33581f-b8dc-46c4-a703-3e7af3521368;d6e87390-44c6-4747-a0df-ab20c7d0ec06;user;2026-01-18 14:24:06.420684+00
5a7d357a-6c32-4388-900f-d906c8bd2123;3b99d6ed-0db7-4e0c-9d20-f7c55475cba6;user;2026-01-18 16:02:10.956222+00
69cbb564-43a2-4ec7-97c9-be3688124185;9df18be6-4925-4ae3-b16e-be313240a601;user;2026-01-18 20:56:37.136782+00
0896279b-04c7-41d2-b08b-2f3ed849aa1c;ef725d1f-d9f4-4a09-a45c-8e0375be5f3d;user;2026-01-18 21:11:51.255814+00
5ad4f3c3-ea21-429e-bfb3-7802e8f19bf3;bfd9c9c5-460b-4c35-b7b1-67736f62a002;user;2026-01-19 01:31:19.141676+00
127f410e-b30f-4bdf-bd65-65d65fd82d9f;4af9670b-7370-4dd2-b1c5-9d80d85a3034;user;2026-01-19 05:25:29.366758+00
3eef592f-5c33-41dd-a831-eb32a6f3164e;67047467-dcbb-4fa4-9d77-66aa6eb7f229;user;2026-01-19 08:59:09.643749+00
b7744000-34e2-45a0-82e3-ee2b0338f215;7baa4541-9401-45ef-94e9-523bad1669dd;user;2026-01-19 23:32:41.972046+00
a1dd4bce-755b-4984-a80d-ae43d88e7639;f5f870d2-f470-44e5-84f4-6c70ead8c521;user;2026-01-20 11:41:34.542071+00
d4730379-9dbd-4d56-99f1-1393233cdbdc;988bfb43-86a2-452e-ac9b-770cfbfba2d0;user;2026-01-20 17:47:25.855777+00
906644cc-86f9-46d9-b14a-9adef4c5ef3a;5d97dfa0-817f-42d1-b6b3-c9513ee54dca;user;2026-01-21 23:36:04.622822+00
914f040c-fb7b-4e5c-8e6e-4d5d7e7bf288;95b19753-fc40-47a5-9a37-147e0ef3d367;user;2026-01-22 12:33:54.754961+00
9e4e8684-2284-4683-b19d-20d7d274454a;cda50796-89cd-4e6a-b93f-5bdca9b68051;user;2026-01-23 21:41:58.550753+00
e2af169e-836a-4e09-874c-58618ffb742f;7529ee0b-d1dc-4e07-a037-58d033875b8d;user;2026-01-24 15:02:32.987236+00
642813df-47d7-4f41-949d-808844d50b70;b00c50ee-2607-4102-8e0a-b17a4a00021e;user;2026-01-24 21:02:48.72069+00
59ef3f45-f522-436b-b2c5-0f956e0e8647;b6d71e3a-51bd-4344-a738-cfbf4bb9e2e8;user;2026-01-25 14:21:42.782573+00
9361323e-507a-4241-b4ab-730a5e5cd66b;b82f29b4-b7fe-4d5e-a948-e83d1abd9b56;user;2026-01-25 16:57:07.435653+00
d32dca88-b367-473a-b83d-0cc58a035b71;b93827d0-5416-42d5-b1ac-d7c0e2e4887c;user;2026-01-25 22:04:22.197711+00
e28ed7ca-b359-4fc8-bf47-ae09c39c583d;8d7eb294-9ebc-4d06-b203-d37a5be7f4ce;user;2026-01-26 21:19:25.577885+00
0128e3ef-0894-44d1-a47b-601e42edc626;25cf5979-a732-4242-a02d-f35d9a4dbbf0;user;2026-01-28 03:25:54.2144+00
50e3f6ae-4172-4bc8-bdfa-eee499f9389e;adc86e66-c28d-4814-8954-35bdd80a8f2c;user;2026-01-28 20:45:37.095991+00
264fa4e3-9d41-4b6e-86c7-5009971a2142;d638a481-2d54-4c96-87c6-480a6fa3c478;user;2026-01-30 08:54:42.143107+00
cd67fc53-c836-434b-9f01-1a5621fd8652;868030ec-d3e9-4fe6-9025-8b5d4be184a2;user;2026-01-30 15:17:40.94502+00
84a93818-3ff6-4b8d-9704-1a57a3c92564;7c081f7b-8c2d-4a19-b4f3-2f98fae49d7b;user;2026-01-31 21:40:31.602685+00
ade38ede-f21a-4afc-be1b-e64339d417ae;b403211a-6994-4129-a6cf-372b897c528a;user;2026-02-02 10:58:55.259461+00
aebea7ff-6649-422b-9154-1c8548445e55;dfc591a6-3c45-4c92-b0bd-e437f51f14a1;user;2026-02-02 20:47:12.436947+00
22f4b72a-0eb5-45dd-b39b-768a159fea94;ab074fc5-e079-479b-bec0-5eda6bfaca87;user;2026-02-04 18:02:48.653452+00
1002d5d6-858b-4c5c-9bbb-9f7a2b3a176f;ab0a8b88-2925-40b0-8bed-81ece7bb8ce7;user;2026-02-07 15:19:18.455243+00
43b50f1e-954f-493e-9351-a2ffd1ffcdc5;59076801-2403-4e6b-a2f7-bf5dd70fc7e6;user;2026-02-07 22:19:30.406136+00
1718a659-fdeb-457e-9916-a3266df16046;f44c1369-fd6f-4604-801c-d3d07f973e40;user;2026-02-07 23:06:34.033019+00
305cbfb5-7dd8-4c84-a17d-a62d303a894c;448b3a5d-6b4b-4def-9ecb-f535baaaf6d2;user;2026-02-07 23:37:28.202876+00
1f3bb062-f435-49d3-ac12-df2b4be35a59;7bf205ea-ccc4-4e0a-a00e-2cb4ee4072cf;user;2026-02-08 04:38:15.699161+00
d8b2abb4-8fdc-40d0-b2c9-1b1abb7f5ab8;a6d532e1-cbe4-4862-a70a-f1b7762e3143;user;2026-02-09 07:41:46.066986+00
3c7df03d-ea3e-46ff-b75c-32165f34d7fe;74303ca6-1ea1-4574-b1a0-ea7106c3eb8f;user;2026-02-10 01:41:20.322103+00
274f1939-d4bc-4ac3-a584-9586258583eb;3e9d797f-e7df-45f3-b7a8-78433dee4cee;user;2026-02-10 14:41:39.218795+00
606ac0b0-1eca-4c8b-b196-b62a47804ed6;7949cf9c-ca93-4472-b2b6-2e783b4aacff;user;2026-02-11 00:53:53.88815+00
d461224c-d8a1-4777-a75f-dac06aaa826b;ac3c19d1-2228-4cd8-8ccf-ab3c81767fd8;user;2026-02-11 01:00:08.889653+00
337f31f0-fc01-4b87-b5c7-859139e8c55e;1a9f77b1-d439-40f4-8515-79380759ee88;user;2026-02-11 03:09:12.711374+00
be2d9459-22c9-4a63-b7ac-13ecf4c74c71;797a2377-e989-48eb-9546-5cad1ac0b872;user;2026-02-11 23:08:55.330651+00
91c4d8d2-4ac8-44e0-b3b1-324b385847d4;98c416da-1a6b-47e2-b830-adb33c37cd80;user;2026-02-11 23:36:16.639957+00
43f81772-2d4c-4e00-91e1-8725533423c2;f78b006c-6ae4-43a4-a77c-16d6756be079;user;2026-02-12 01:10:17.190864+00
989eb115-473c-41e4-a3a7-77ce349a0cbe;1557a5e9-6865-4a78-b45e-08012a40e674;user;2026-02-13 19:46:25.543338+00
112f47bb-39e5-4f93-ba09-26b5ad22de40;f3e74984-96cc-4465-bbc8-8765a7e2cee1;user;2026-02-14 12:19:13.272563+00
69942918-b4ed-42a6-b59a-22ed33b81613;a3d0e416-ea01-4f55-8c41-09087da66edd;user;2026-02-14 14:38:50.592849+00
bbfa339d-6126-4ccf-8282-5b21000ec729;48e51d21-3ca4-4227-999b-9c695d6cd716;user;2026-02-15 06:49:06.703127+00
fee4d1ac-9281-4152-b8b9-cb64cc4df119;a7c74e40-c2ad-452b-b304-5f1c76f9cfec;user;2026-02-15 08:55:08.002381+00
4983295f-ee02-4eb5-9f79-d0d2e223315c;f19dd3f0-96a0-4c76-82d3-a1d07cb3665d;user;2026-02-15 16:40:14.644145+00
4d07751a-b410-4464-aa12-1cbce7eba7bb;17e3e396-6f25-4e8b-beb4-572581e4a280;user;2026-02-15 17:09:09.335271+00
eee0811e-7872-43cc-bb23-1b61a52f3ac1;d2269ad3-9316-44de-926f-5893b7dbe204;user;2026-02-15 22:06:36.462495+00
5b7748c4-10fd-4cd0-8dcb-63702a9a46e2;e289de81-782d-4f4b-872c-fe378325c66b;user;2026-02-15 22:07:36.931298+00