id;discord_name;email;phone_number;country;age;booster_type;services;games;boosting_experience;proof_urls;marketplace_profiles;hours_available;how_found_us;status;notes;created_at;updated_at
6dcdee36-e23c-4bb7-89e3-87b3bacde6a6;bekobababoost;ssaints16amvlol@gmail.com;05522569652;Türkiye;27;reseller;We are +10k member based on world of warcraft for all versions reseller we have 2x g2g legendary account and orders with many other website;wow;	+5 year of boosting service;"[""https://kdjlhibxxygfdmlvdfcl.supabase.co/storage/v1/object/public/work-application-proofs/1768306975238-cd2b813f-f105-4f89-a6f5-13f33a0ad67c.png""]";"https://www.g2g.com/MMorder
https://www.g2g.com/APlusMarket";12-16 Hour a day;you guys dmed me on discord;approved;;2026-01-13 12:22:56.28705+00;2026-01-13 16:22:36.102722+00
d705acf1-f41c-455f-a80f-a987111d4857;funkybaker69;septiansyah38502@gmail.com;085797938530;indonesia;24;grp;i do pwl questing and boosting all server;Era/Aniv/Tbc/Tww;i can all boosting;"[""https://kdjlhibxxygfdmlvdfcl.supabase.co/storage/v1/object/public/work-application-proofs/1768589445330-c516c1cc-aea3-46b9-aeec-8b2e43f2304a.png""]";;24 HOURS;my friends tell me;approved;;2026-01-16 18:50:47.36645+00;2026-01-16 19:06:18.1051+00
1dc0b6c8-5a0f-4b63-9c91-a7f56474afc9;funkybaker69;septiansyah38502@gmail.com;085797938530;indonesia;23;grp;i can boosting 1 to 70 and i have stock gold;Era/Aniv tbc/Tww;pwl service;"[""https://kdjlhibxxygfdmlvdfcl.supabase.co/storage/v1/object/public/work-application-proofs/1768594979174-56db530a-c2e4-4796-86d2-ca3d936f7f41.png""]";;24 HOURS;My buddy tell me about this web;approved;;2026-01-16 20:23:01.733908+00;2026-01-16 21:57:55.746656+00
afb0ae5f-a021-42a3-94d3-cf28626e304c;kafkaa_666;erlanggareksabuana@gmail.com;089527148456;Indonesia;25;grp;"I can provide manual powerleveling services including full questing and dungeon spam.
All services are done by real players without bots or automation, following safe and legitimate gameplay methods.
I can adapt to customer requirements such as specific level ranges, preferred leveling methods, and agreed timelines.";World of Warcraft (Classic Era / TBC / WotLK – including private server experience);"I have solid experience in World of Warcraft powerleveling services, mainly focused on Classic and TBC-style gameplay.
I specialize in efficient manual leveling through questing and dungeon runs without using any bots or exploits.

I understand the importance of account safety and strictly follow platform rules and Blizzard Terms of Service.
I am familiar with working under custom conditions such as fixed schedules, level targets, and customer-specific requirements.";"[""https://kdjlhibxxygfdmlvdfcl.supabase.co/storage/v1/object/public/work-application-proofs/1768865462180-24979335-9f66-4a48-8ad4-74a701c487b6.bin""]";"G2G (Verified Seller): Gamerx.ID.
My G2G account is verified, although I rarely use it at the moment.
I have experience providing gold selling and powerleveling services through Discord, Telegram, email-based MMO providers, and local players.
Payments accepted via PayPal, Skrill, and Binance.";84 hours per week;I first discovered Misti Services through the EpicNPC forum and became interested in joining after reviewing the community and service standards.;approved;;2026-01-19 23:31:04.1237+00;2026-01-19 23:52:51.308287+00
f6bc849a-f931-48d7-b8fa-94149869c32c;owsi230379;wibawa23@gmail.com;081573186500;indonesia;36;grp;"all class,herbal,mining,leveling.ect 
Wow Aniv , Classic";pilot  or self play;I have been playing this game for 7 years and I have also been with Overgear for a long time, and I have a very reliable team in the field of WOW.;"[""https://kdjlhibxxygfdmlvdfcl.supabase.co/storage/v1/object/public/work-application-proofs/1771257450311-c1258bc0-4c44-4993-aa48-18ffb426f15e.jpg""]";;140 hours /week;from a friend;pending;;2026-02-16 15:57:32.180155+00;2026-02-16 15:57:32.180155+00